y_test,y_pred,y_pred_proba
0,0,0.15467628464756045
0,0,0.04512861605216525
0,0,0.023385644971347885
0,0,0.02574504464801204
0,0,0.007088507756236714
0,0,0.08381752475959997
0,0,0.04952035331723779
0,0,0.08282422440746774
0,0,0.023304102489328814
1,1,0.9999999609091369
0,0,0.058817230500427406
0,0,0.007346859956014589
0,0,0.09944115420796036
0,0,0.062293697414784945
0,0,0.10480938902304217
0,0,0.1343465663683091
0,0,0.03514994634547645
0,0,0.16599871938985084
0,0,0.15229509595461282
1,1,0.6822110614951854
0,0,0.04328496408161994
0,0,0.01823902336753231
0,1,0.9999997643571559
0,0,0.09879874659032635
0,0,0.029003607070037615
0,0,0.05217872742911206
0,0,0.029807331143473278
0,1,0.9815255080977411
0,0,0.07107229357713905
0,0,0.06177020274886346
0,0,0.07541490792028303
0,0,0.08785560114931604
0,0,0.01878232207122023
0,0,0.04711819738602036
0,0,0.10480670575988674
0,0,0.04693047497506811
0,1,0.9714123285593708
0,0,0.010732168594429391
0,0,0.016337880438011786
0,0,0.009138396026810812
0,0,0.011201056068040295
0,0,0.03640796237745541
0,0,0.02745275832215941
0,0,0.023244293939680995
0,0,0.0332929506353191
0,0,0.10314922337001975
0,1,0.9800948582231704
0,0,0.035869444291657525
0,0,0.05144088289139828
1,1,0.9999999989847108
1,1,0.9950865120763212
0,0,0.07309710184473725
0,0,0.04232157761991582
0,0,0.025772203762157036
0,0,0.09189874157863498
0,0,0.09331979430771851
0,0,0.04845412390390539
0,0,0.0334128180015128
0,0,0.07112507914909405
0,0,0.006695024625660145
0,0,0.00790806706213259
1,1,0.8683914800016624
0,0,0.0877464385424204
0,0,0.17815160155019372
0,0,0.07592562499942643
0,0,0.05828040161625541
0,0,0.09266923413128744
0,0,0.06651056603361223
0,0,0.055006132904673204
0,0,0.15665890882677003
0,0,0.2134268844946037
0,0,0.08987951746591927
0,0,0.21657907093233764
0,0,0.03476951752028166
0,0,0.019464718080658684
0,0,0.042104276132130886
0,1,0.9999999997283834
0,0,0.051333713026633795
0,0,0.05861808180545506
0,0,0.03765629292359066
1,1,0.9848687588672966
0,0,0.13790398378128219
0,0,0.05661072269789149
0,0,0.03444898934631272
0,0,0.09482876805878951
0,0,0.005476575649341831
1,1,0.8472908335017153
0,0,0.020029408438182416
0,0,0.08052308732979137
0,0,0.12729155004160667
0,0,0.053989311715168645
1,1,0.8611002356399634
0,0,0.003019561096521056
0,0,0.06091494216634119
0,1,0.9147655774845421
0,0,0.042409740135276854
0,0,0.06909854937275449
0,0,0.012577960663531632
0,0,0.08781185753220064
0,0,0.01777145297159749
1,1,0.9999997325456053
0,0,0.057508247261336874
0,0,0.08223726374375312
0,0,0.0026470045663630347
1,1,0.9928969440809683
0,0,0.08894513775593388
0,0,0.013005374396957986
1,1,0.9999824842112472
0,0,0.08803584487675946
0,0,0.08486358354478246
0,0,0.11249760772018982
0,0,0.15387293461447285
0,0,0.03255610160594629
0,0,0.02469807024414646
0,0,0.008737645002920399
0,0,0.1285630262253998
0,0,0.049045003027355025
0,0,0.0878281955531887
0,0,0.060437836427420774
1,1,0.8060733794299128
0,0,0.011264054374839282
0,1,0.9716940232249658
0,0,0.0764746023904963
0,0,0.01564759507705916
1,1,0.9999999807964225
0,0,0.047820585326510255
0,0,0.05265693670728037
0,0,0.09345025241230365
0,0,0.2545310077391143
0,0,0.12471771306754775
0,0,0.06803057426309203
0,0,0.06641806269633954
0,0,0.06767605053989846
0,0,0.13777374096955594
0,0,0.057761555226879834
0,0,0.11141519164909079
0,0,0.10930969152659735
1,1,0.9999999995109631
0,0,0.18694859656218263
0,0,0.0387362178206353
0,0,0.09675425150288758
0,0,0.12548669584180314
0,0,0.041291536594716814
0,0,0.06365959128699096
0,0,0.028846884378672697
0,0,0.04655785939996397
0,0,0.01621106909490452
0,0,0.07723276849179488
1,1,0.9999986684656526
0,0,0.052062403690193465
0,0,0.18033697357836692
0,0,0.05487989260485824
0,0,0.15457645409909743
1,1,0.9999994068871049
0,0,0.10236834134333052
0,0,0.02871348420169699
0,1,0.9633689651166698
0,0,0.024241119343090395
0,0,0.03090169758755546
0,0,0.03871864324306422
0,0,0.012811716985175338
0,0,0.04840190745048036
0,0,0.03845987735714163
0,0,0.0497663209912963
0,0,0.05597917430703134
0,0,0.023304869477581366
0,0,0.013685971592701233
0,0,0.020910759680798433
0,0,0.041919495155469416
0,0,0.05604672002229603
1,1,0.8939500401649104
0,0,0.014006972055301256
0,0,0.10780781122285511
0,0,0.2475768502029445
1,1,0.9999990900437442
0,0,0.0647186861642381
0,1,0.996690257898321
0,0,0.06204823802473022
0,0,0.10673524510704994
0,0,0.06598442136232692
0,0,0.2432207733892409
0,0,0.05311539007677007
0,0,0.041509880611909813
0,0,0.06557974272749825
0,0,0.12737194508322414
0,0,0.07036063074353219
0,0,0.04853322633083171
1,1,0.7011325911404115
1,1,0.8907301398191926
0,0,0.06859833394770216
0,0,0.03504400198874829
0,0,0.05157319051899169
0,0,0.02390454521726917
0,0,0.09044239882328824
1,0,0.04514377776466823
0,0,0.09386210933560227
0,0,0.15610158053822445
0,0,0.01517008484217932
0,0,0.07345545817846351
0,0,0.030837687023979758
0,1,0.9999999996023825
0,0,0.021411395380323568
0,0,0.04426191034381613
0,1,0.8633743017418045
0,0,0.03363795303860929
0,0,0.03440733153878019
0,0,0.1696615727349565
0,0,0.032123684384128166
0,0,0.1938698252389221
0,0,0.0067334380628319085
0,0,0.09277949736381175
0,0,0.07386675735511566
0,0,0.005739425325764086
0,0,0.014876125475295082
0,0,0.022143150501507877
0,0,0.05212324375211396
0,0,0.10061392654082164
0,0,0.022436173134165308
0,0,0.01549304744511405
0,0,0.03382284993514282
0,0,0.03205378971657151
0,1,0.6056479389837349
0,0,0.18494960053375098
0,0,0.05594767965797572
0,0,0.1737327404387613
0,0,0.04814754053126692
0,0,0.049148327769511016
0,0,0.036262986065093775
0,1,0.7333928238042022
0,0,0.39492192792090397
0,1,0.9959141230398285
0,0,0.09258147650125688
0,0,0.05939909273529012
0,0,0.015084924706996204
0,0,0.02758285432464874
1,1,0.9882417228300181
0,0,0.11627530650517351
0,0,0.04966616627516403
1,1,0.8869276272141872
0,0,0.07384388395099628
0,0,0.06356200285442522
0,0,0.08634561121611281
0,0,0.032473487427951205
0,0,0.016657671591872505
0,0,0.04874281242013662
1,1,0.9914113768269934
0,0,0.0612619018884087
0,0,0.0342906169792387
0,0,0.14557090280402127
0,0,0.06208790458618476
0,0,0.04914285547627059
1,1,0.9999999999999699
0,0,0.004756385162874255
0,1,0.9999995795483622
0,0,0.01639108517912463
0,0,0.043249389780332916
0,0,0.020096539945032507
0,0,0.034860178804348635
1,1,0.9754296979498566
0,0,0.032488571043254005
0,0,0.08282369860003751
0,1,0.9872299270007977
0,0,0.08089784295522058
0,0,0.1832912748724025
0,0,0.036364590369279394
0,0,0.07634154331883276
0,0,0.013408208830171625
0,0,0.019865821570028218
0,0,0.013507236699476236
0,0,0.03434986738226691
0,0,0.059510367974219644
1,1,0.5417208764067393
0,0,0.12872249642984235
0,0,0.01687301002552039
0,0,0.028439383666089224
0,0,0.034707020005021655
0,0,0.02152630498249994
0,0,0.034839345504815024
0,1,0.8159949062423357
0,0,0.05615118662072393
0,0,0.07027994076399963
0,0,0.22890810513453103
0,0,0.008870328612707028
0,0,0.08801321056411968
1,1,0.9944920614515038
0,0,0.1137503956389152
0,0,0.04888312360890444
0,0,0.08723034325215119
0,0,0.07027163129191732
0,0,0.055437509269597125
0,0,0.035762105935006075
0,0,0.03144228222668587
0,0,0.2221872775980837
1,1,0.8677029400542625
0,0,0.05469120653593566
0,0,0.050652141466620275
0,0,0.19589576558005303
0,0,0.004998568097589186
0,0,0.11335766403206038
0,0,0.10125373435667284
0,0,0.04108696627106755
0,0,0.06869562112734771
0,0,0.07624901843038878
1,1,0.9829620953955192
0,0,0.1257301974225363
0,0,0.1252423664570765
0,0,0.06975438694708093
0,0,0.007882866711473393
0,0,0.05087365512044443
0,0,0.02104567818375057
0,0,0.022810278432112373
0,0,0.03695504226393704
0,0,0.04199895437937958
1,1,0.9999999415537111
0,0,0.010833652357011014
0,0,0.10418169293727807
0,0,0.0018007485273599927
0,0,0.02752164028618465
0,0,0.041390782622024974
0,0,0.015973447874257887
0,0,0.06229456675253132
0,0,0.011276111638199113
0,0,0.05655671797185682
0,0,0.09119393778163769
0,0,0.045417629103300106
0,0,0.003135247286225283
0,0,0.04904039074129117
0,0,0.07616536674882003
0,0,0.059810362919007584
0,0,0.12563492415752014
0,1,0.954995343451413
0,0,0.03899380799799165
1,1,0.9167838885184018
0,0,0.18012133447333792
0,0,0.22028676594659313
0,0,0.015702522896427807
0,0,0.023571351351217972
1,1,0.9812716831268045
0,0,0.00877177579358271
0,0,0.005450341659788051
0,0,0.0833151533422727
0,0,0.11486243613545422
0,0,0.09769262586782747
0,1,0.8253207760162299
0,0,0.03470034242559274
0,0,0.05372464474469938
0,0,0.022486450076817422
0,0,0.05812713838454009
0,0,0.06389880595459138
0,0,0.11354737543366977
0,0,0.05815417712303722
0,0,0.10215402092022306
0,0,0.01804077771822246
0,0,0.027778733113833838
0,0,0.05628005212140981
0,0,0.05030818210083007
0,0,0.03563282121728347
0,0,0.1375987983492396
0,0,0.0504750539640832
0,0,0.026614459802067197
1,1,0.8960065678515634
0,0,0.040357626762660546
0,1,0.9904563615218525
0,0,0.010545516690146157
0,0,0.07148167394442274
0,0,0.04127347354939007
0,0,0.05312955381380527
0,1,0.9719046689898575
0,0,0.07048052504041714
0,0,0.02681503824741686
0,0,0.12445042897869643
0,0,0.04337554120408848
1,1,0.8271464387575332
0,0,0.28165439615290916
0,0,0.12356458714004485
0,0,0.15079369287149297
0,0,0.07209390143176013
0,0,0.0970946761253503
0,0,0.1069724067783756
0,0,0.05568917796668103
0,0,0.13875095250630645
0,0,0.07482093996082806
0,0,0.039997625956811465
0,0,0.051095784823297324
0,0,0.08356485326853665
0,0,0.22273530577761844
0,0,0.26467622988867473
0,0,0.0021665244563650586
0,0,0.05153223578427067
1,1,0.9999966216373941
0,0,0.02724269353193677
0,0,0.015156177167469349
0,0,0.05766836369564326
1,1,0.9861829192147858
0,0,0.012991874893697944
0,0,0.03478520785328341
0,0,0.1073454917576107
0,0,0.028212953545457293
0,0,0.06449198012668467
0,0,0.10456507223055082
0,1,0.9434682101962836
0,0,0.16490613438237445
1,1,0.9888758388264076
0,0,0.06256825206072639
0,0,0.06603082374872299
0,0,0.19977737710887483
0,0,0.0297967818092047
0,0,0.01009620571760232
0,0,0.05131133191938041
0,0,0.07857395906510432
0,0,0.02625449298880103
1,1,0.999999992214975
0,0,0.027354912880073842
0,0,0.0032661209502733053
1,1,0.9927925563512525
0,0,0.02909412354963186
0,0,0.07282496189030066
0,0,0.06757718499556614
1,1,0.9999977423618228
0,0,0.0029527157519771002
0,0,0.037795049060703925
1,1,0.999999026604498
0,0,0.1112775813263169
1,1,0.719245639109404
0,0,0.019322534802254477
0,0,0.0982136347336212
0,0,0.13892965163398557
1,0,0.27258295324232384
0,0,0.06695682125368288
1,1,0.9943439092531644
0,0,0.03198423997314576
0,0,0.06570210897157917
0,0,0.0329533976717087
0,0,0.026102277487152936
1,0,0.43572331554669846
0,0,0.058544317640392946
0,0,0.24874347970650204
0,0,0.01481240500304869
0,0,0.04344607813729217
0,0,0.0702192504687024
0,0,0.029362377040570542
0,0,0.0291649451308587
0,0,0.06492527835795084
0,0,0.02970331022346395
0,0,0.008131668790464239
0,0,0.15059058713228837
0,0,0.07914234373388025
0,0,0.08610861566082278
0,1,0.8001764740614643
1,1,0.9999987082498621
0,0,0.03165322891325209
0,0,0.01837406072959455
0,0,0.3215758130644711
0,0,0.029672447683926288
0,0,0.15890471690813593
0,0,0.09642456409240746
1,1,0.9850065553808387
0,0,0.1386804701911788
0,0,0.03265474008808152
1,1,0.9882084496156122
0,0,0.049544504240944684
0,0,0.0014268018167313049
0,0,0.06686259870844213
0,0,0.037788035694307734
0,1,0.5787672151737904
0,0,0.07882607691933845
0,0,0.18425748903155248
0,0,0.011001257487420672
0,0,0.03355541762852323
0,0,0.07166075702479796
0,0,0.15684452868721183
0,0,0.05395795828896826
0,0,0.07588648693242804
0,1,0.9901535159963573
0,0,0.017601324661832646
1,1,0.9999959326293933
0,0,0.10438376511110338
0,0,0.07723509075408888
1,1,0.994877495333864
0,0,0.06995978349376318
0,0,0.10310326617982297
0,0,0.03142298526399485
0,0,0.04930268984813093
0,0,0.05242840208289479
0,0,0.0033771721168901598
0,0,0.01016345629320517
0,0,0.039318053556338856
0,0,0.126216548156179
0,0,0.0617984295590401
1,1,0.9970773752649522
0,0,0.05949278052401171
1,1,0.9999908956059793
0,0,0.027172286880529518
0,0,0.0765705682045138
0,0,0.025012202007705202
1,1,0.9999999613482271
0,0,0.046568931685974015
0,1,0.9511946913417745
0,0,0.030778572758698598
0,0,0.11274384522843438
0,0,0.021685371751622627
1,1,0.7488314787999751
0,0,0.23325930742006368
0,0,0.05271962362378804
0,0,0.006285903685920948
1,1,0.8814308476159048
0,0,0.04295907776016756
0,0,0.02099937243690903
1,1,0.9767516404134717
0,0,0.009927075434514258
0,0,0.05347467387342267
0,0,0.009898496393266778
0,0,0.04874143320526193
0,0,0.03674268264183876
1,1,0.9999999486445966
1,1,0.8767170787392687
0,0,0.003052533150981742
0,0,0.04293945830415857
0,0,0.01575042693505826
0,0,0.045411673443547414
0,0,0.038333657706805906
0,0,0.013716248814615572
0,0,0.021691938136114596
0,0,0.09823682482219748
1,1,0.7141811223017404
0,1,0.6966549197301243
0,0,0.09950347787648474
0,0,0.061863582353207984
0,0,0.07938801007572148
0,0,0.010345180110010975
0,0,0.011284227909192812
0,0,0.014031730715770388
0,0,0.05290690998333191
0,1,0.9804182126288387
0,0,0.01705890626313431
1,1,0.6759708912857997
0,0,0.016596786536088367
0,0,0.17497941651503732
0,1,0.7330797519026331
0,0,0.040421765901735594
0,0,0.015549939011046131
0,0,0.0470283008637379
0,0,0.040939068047029965
0,0,0.0978579484221465
0,0,0.012919891891815385
0,0,0.0955221985940944
0,0,0.044409674804382834
0,0,0.04862352710979997
0,0,0.0028053329813232464
0,0,0.022272121760210418
0,0,0.06124085713367571
0,0,0.0875820352626053
0,0,0.01982472687698929
0,0,0.11678967456036692
1,1,0.9999999996238139
0,0,0.06607425511110941
0,0,0.0026016446533412463
1,0,0.11742737091492042
0,0,0.12445625243103749
0,0,0.06166615912784089
0,0,0.03573840648069889
0,0,0.14080119447785566
0,0,0.048962607665781616
0,0,0.0006698349303570608
0,0,0.0752713905405887
0,0,0.18541481907914706
1,1,0.9999996823232351
0,0,0.023762793662970218
0,0,0.020368633907036374
1,1,0.9999999968345883
1,1,0.9907686871176923
0,0,0.03137302055516075
0,0,0.025780208286404323
0,0,0.04328631414005003
0,0,0.009606306943233172
1,1,0.9609649154968405
0,0,0.1077156249945426
0,0,0.047282596943186796
0,0,0.09253906500506218
0,0,0.3750976960119526
0,0,0.020369641592479438
0,0,0.021186785648943777
0,0,0.07809299169416173
0,0,0.043508219110567035
0,0,0.08663610742356978
0,0,0.08745714305622493
0,0,0.046233756924730036
1,1,0.9610140237126827
0,0,0.15226632020315142
0,0,0.042615010366410265
0,0,0.05754890686156958
0,0,0.022220092581489288
1,0,0.4466146681958647
0,0,0.23044611520774388
0,0,0.0771281527417012
0,0,0.11294598528491333
0,0,0.1726223309789182
0,0,0.0626668935753426
0,0,0.06390007254278643
1,1,0.9999989784377813
1,1,0.9999999999999699
0,0,0.08576942759802944
0,0,0.03149872450916408
0,0,0.03595644830949788
0,0,0.06114972440141582
0,0,0.044931424297622105
0,0,0.13189719023304253
0,0,0.13285299027280162
0,0,0.014615928117031267
0,0,0.03963161269431113
0,0,0.23003506162446422
0,0,0.14796630802141636
0,0,0.026200723954283946
0,0,0.1174369745735966
0,0,0.07071570415697553
0,0,0.033031814300624726
0,0,0.045349956790266224
0,0,0.06559210475945977
0,1,0.5851761766175182
0,0,0.027162049604546237
0,0,0.028940184484031514
1,1,0.9755162124003794
0,0,0.033778848833961234
0,0,0.06251347398928504
1,1,0.5449977015137778
0,0,0.017466802990506874
0,0,0.10413383421312565
0,0,0.017246801602079843
0,0,0.03959605889978153
0,0,0.04700343010653161
0,0,0.07920136727783182
0,0,0.17373012275864191
0,0,0.07728675908128861
0,0,0.01982353505764558
0,0,0.08331694456864973
0,0,0.027637732621197203
0,0,0.07780234353496311
0,0,0.027173568130289396
0,0,0.06443497906280125
0,0,0.017977635073528106
1,1,0.900340490801329
0,0,0.06344799544993947
1,1,0.9999999768181905
0,0,0.083856384935761
0,0,0.1341753143261481
0,0,0.033822277488132574
0,0,0.011694113681186957
0,0,0.03168806069789012
0,0,0.054542814124435755
0,0,0.005266919343953381
0,0,0.04134170662879269
0,0,0.014819080332587293
0,0,0.030974558046563794
0,0,0.05942946713720403
0,0,0.03860051499093396
0,0,0.11768098878909461
0,0,0.058364731272379344
0,0,0.06789513948497612
0,0,0.029345305207826623
1,1,0.9999999930967518
0,0,0.05373877944584924
0,0,0.3593374983371936
0,0,0.08563948176055665
1,1,0.9999999999999699
0,0,0.02796264219891111
0,0,0.024543090578649448
0,0,0.004233618650403655
0,0,0.010622732964146031
0,0,0.042387611106308384
0,0,0.013902242052610562
0,0,0.0641345026950434
0,0,0.006438986252620805
0,1,0.8934602661917556
0,0,0.05997080183257869
1,1,0.9333311157483652
0,0,0.00998554961095198
0,0,0.007278335123374332
0,0,0.10730722029314246
0,0,0.05734552874992195
0,0,0.002800947915047263
0,0,0.047869277855471966
1,0,0.421202149375802
0,0,0.12361391190726494
0,0,0.008263103204688321
0,0,0.054174154338557344
0,0,0.01598825528009555
0,0,0.04834165636628009
0,0,0.07586243250674873
0,0,0.004959109646189261
0,0,0.03278546900527161
0,0,0.033510232372232884
0,0,0.09479980629166833
0,0,0.05511884368629855
0,0,0.04322311103988241
0,0,0.07011235522321645
0,0,0.0805977387903503
0,0,0.02228826699814056
0,0,0.16467386455934852
0,0,0.0861456346200263
0,0,0.044184484805449266
0,0,0.08137940660967717
0,0,0.21098567602817903
0,0,0.018978636834064287
0,0,0.13060068963605836
0,0,0.040316011928257685
0,0,0.003708542231834367
0,0,0.038503041816018053
0,0,0.08027608752404716
0,1,0.9999999999449545
0,0,0.055252583961743075
1,1,0.9999915748334691
1,1,0.9999996324228748
0,0,0.022398434033551108
0,0,0.030855040338422728
0,0,0.017435035737918735
1,1,0.9999908675043524
0,1,0.5446499941525571
0,0,0.031150344080732622
0,0,0.04556846668567697
0,0,0.19140511087668277
0,0,0.022635499899428802
0,0,0.11640338535122031
0,0,0.02093625381325325
0,0,0.18476631630424983
1,1,0.9731821487107646
0,0,0.04308690046106772
0,0,0.009834461510693476
0,0,0.026402479536076297
0,0,0.104260877848355
0,0,0.005419766681267229
1,1,0.9622665390989489
0,0,0.043858512687848086
0,0,0.024254565141725574
0,0,0.06428899616415429
0,0,0.01554315216131666
0,1,0.8875063845970501
0,0,0.02024388595060612
0,0,0.07805123019249417
1,1,0.9999972927603505
0,0,0.16535788784785319
0,0,0.24001275903257768
0,0,0.1475253506594589
1,0,0.29030771195051003
0,0,0.039389691350808546
0,0,0.0756067014374715
0,0,0.028426120969566888
0,0,0.11058935002859754
0,0,0.0944417212819134
0,1,0.8271247622192289
0,0,0.07772910316359821
1,0,0.1745986355856243
1,1,0.99999999344114
0,0,0.16783035470732566
0,0,0.0706701556076955
0,0,0.025049209072328542
0,0,0.041775004010158615
0,0,0.1462897006217156
1,1,0.9723876294529123
0,0,0.05942257493761127
1,1,0.810134299805349
0,0,0.05765335954795431
0,0,0.022714304388934563
0,0,0.07847182627079129
0,0,0.04804154530574875
0,0,0.03933554635784659
0,0,0.1341670880814426
0,0,0.06429143356803592
0,0,0.08349041040272608
0,0,0.13267746662644983
0,0,0.052411953408690794
0,0,0.049148805187024476
0,0,0.01853351418372767
1,1,0.9969281809756055
0,0,0.044678792535749724
1,1,0.9729922661755074
0,0,0.005702764353271704
0,1,0.6374212376848309
0,0,0.09600781287919143
0,0,0.08656571430070799
0,0,0.001553966656059709
0,0,0.10668630218304259
0,1,0.9999999968333321
1,1,0.9901401026625439
0,0,0.03739868117159654
0,0,0.1337138687150998
0,0,0.11282909463573086
0,0,0.07444666411102087
1,0,0.2260105395526431
0,0,0.05131819892541523
0,0,0.09305434368360492
0,0,0.055272237599368335
0,0,0.04732176122959431
0,0,0.028500919219939337
0,0,0.10814075737721396
0,0,0.024693029796461773
0,1,0.9957705510457558
0,0,0.08296078926738115
0,0,0.006736344953461508
0,0,0.04813524840317042
0,0,0.01081691617267474
1,1,0.9999997937365084
0,0,0.0474837978322998
0,0,0.0827905041829627
0,0,0.07995329070931591
0,0,0.012401733386743607
0,0,0.0007369946459778251
0,0,0.0484104404931076
0,0,0.1264324785655426
0,0,0.15036422451968548
0,0,0.04593975601971837
0,0,0.0117477649832942
0,0,0.02448170461328293
0,0,0.04485741599988703
0,0,0.3313997130488478
0,0,0.01101324981069776
0,0,0.26283059955028676
0,0,0.038467636527060436
0,0,0.01779488008876415
0,0,0.16468394113949278
0,0,0.058618184679553625
0,0,0.3116796589123792
0,0,0.015785782433794627
0,0,0.0027345165404304332
0,0,0.1279106420757774
0,0,0.03741257517838213
1,1,0.9999939338854831
0,0,0.04995566883998556
0,0,0.042568002474430156
0,0,0.02833996437749459
0,0,0.048939315376994086
0,0,0.1896389030974939
0,0,0.02137020592271836
0,0,0.18578920253078668
0,0,0.049528525916750485
0,1,0.9937361708536057
0,0,0.032953650299568205
0,0,0.10490963321523623
0,0,0.00695240891068164
0,0,0.043888716075355556
0,0,0.12898566609854736
0,1,0.8789142919181573
1,1,0.9768346967498172
0,0,0.011113308980902445
0,0,0.045137610188239086
0,0,0.0030376988660112017
0,0,0.050786923830086664
0,0,0.07696412301791397
0,0,0.14148119216274394
0,0,0.0326555560512606
0,0,0.0008454098788873654
0,0,0.009134969015900747
0,0,0.05945321440657618
0,0,0.19245911902958873
0,0,0.013134410878112103
0,0,0.027445675598853043
0,0,0.05264314648084779
0,0,0.1229595019760156
0,0,0.023266673286658476
0,0,0.0412339007876901
0,0,0.05943336180523303
0,0,0.254607742872369
1,1,0.9999894064586964
0,0,0.02426630004138991
0,0,0.011610211039205096
0,0,0.04475992185480598
1,1,0.9999999999999699
0,0,0.0026471243595596206
0,0,0.1285329480007999
0,0,0.03081532158979722
0,0,0.07476797961889305
0,0,0.04602209265591064
0,0,0.03404812438074415
0,0,0.10330258714961232
0,0,0.1275186845937824
0,0,0.210129060169926
0,0,0.04142377105147698
0,0,0.05805303822915274
0,0,0.009061730891708666
0,0,0.07357925220892628
0,0,0.06832930789880527
0,0,0.06650040195046661
0,0,0.08842933532114026
0,0,0.04648933364163012
1,1,0.8915032655714086
0,0,0.018916548527036392
0,0,0.002444429190864744
0,0,0.06080293459938227
0,0,0.017553200506080613
0,0,0.46118966112175963
0,0,0.02211609806271879
0,0,0.11082798112161321
0,0,0.01586749438926106
0,0,0.0885149914847128
0,0,0.012511560583975484
1,1,0.9999999307737342
0,0,0.0438838780199595
0,0,0.10275011002605318
0,0,0.033953268910972154
0,0,0.21545350711881936
0,0,0.02101332792627614
0,0,0.06650924498551167
0,0,0.10570657766111809
0,0,0.018902675504133493
0,0,0.12884268614949032
1,0,0.39295681207476335
0,0,0.012831983840291286
0,0,0.05000021013620558
0,0,0.049730482581722996
0,0,0.41420256293853214
0,0,0.03666690558070697
0,0,0.029817671184988362
0,0,0.19825732811202662
0,0,0.017884181030705843
0,0,0.08555252820389413
0,0,0.02835472689737369
0,0,0.1142944949199071
0,0,0.0950593327636645
0,0,0.10392871454632278
0,0,0.009784821796475688
0,0,0.03875679365817274
0,0,0.03522186757218031
0,0,0.041066085231396245
1,1,0.9921082555379475
0,0,0.013432999357982874
0,0,0.10063570905628635
0,0,0.09741657162055954
0,0,0.0251114198060178
0,0,0.09026060401013145
0,0,0.021286535728816742
0,0,0.0005613805972669781
0,0,0.032491965045065234
0,0,0.01406503296053012
0,0,0.083273780254109
0,0,0.003942796118991678
0,0,0.2711066092624459
0,0,0.17145406600376795
1,1,0.8799851709231344
0,0,0.0884315695890464
0,0,0.10945740840940561
0,0,0.038889384107315045
0,1,0.9841749156507313
0,0,0.011628517395675261
0,0,0.01360379157129585
1,1,0.9900712189321652
0,0,0.0826454688089297
0,0,0.12232076308228168
0,0,0.07606240623926257
0,0,0.30067077486029403
0,0,0.09446203891280998
0,0,0.0866291821328915
1,1,0.9856857155161444
0,0,0.007034991699964657
1,1,0.9593476744055769
0,0,0.13028441153271347
0,0,0.02593274303794537
1,1,0.8060682832508675
0,0,0.08507776361662078
0,0,0.23677605730396803
0,0,0.10996496155247168
0,0,0.09834837680876764
0,0,0.015251141255677421
0,0,0.036181476197621104
0,0,0.015081640722205896
0,0,0.06267865098545879
1,1,0.9857870320753667
0,0,0.03382753343125319
0,0,0.022675447853813594
0,0,0.0027045692880213264
0,0,0.08687304449395873
0,0,0.140225649524217
0,0,0.1573413407126559
0,0,0.05864767825373369
1,1,0.8664868692052851
0,0,0.009623789293852898
0,0,0.17390414184597117
0,0,0.019297620906008887
0,0,0.049406507216404986
1,1,0.9666183823145237
0,0,0.0619702294281322
0,0,0.022320395091857025
0,0,0.26926085259930926
0,0,0.03398398651258239
0,0,0.02211002441035095
0,0,0.09032534466026462
0,0,0.10791470666899637
0,0,0.026690682338698136
0,0,0.05664268141858487
0,0,0.009736025070465636
0,0,0.07665625148160132
0,0,0.0445690239486099
0,0,0.11271371261783249
0,0,0.01953452957118757
0,0,0.06136129380521498
0,0,0.035962156051069345
0,0,0.45311171784925
0,0,0.11592428678356555
1,1,0.9999974013907247
0,0,0.11759720853236982
1,1,0.7248727971062652
0,0,0.05960393651086041
0,0,0.016528266832508378
0,0,0.06119900715903088
0,0,0.10710683058639066
0,0,0.010917270708903058
0,0,0.24142573728002636
0,0,0.05663733496597483
0,0,0.05595498149158057
0,0,0.034323080064373485
0,0,0.07538449347369641
0,0,0.11387414891452609
0,0,0.07793243000181155
0,0,0.0553742793087423
0,0,0.07494660469367367
0,0,0.0553390902176365
0,0,0.0286455648817669
0,0,0.06388197723768034
0,0,0.03374332855379871
0,0,0.059083490345756336
0,0,0.06480865894508275
0,0,0.10196038818500573
0,0,0.04278045166191959
0,0,0.014398883455362976
0,0,0.03200207615122836
0,0,0.27728557801922354
0,0,0.05321920417971711
0,0,0.006494985145265761
0,0,0.056533558989627315
0,0,0.03271956497378662
0,0,0.12358925902995174
1,1,0.9880470270530857
0,0,0.008968415349428223
0,0,0.004533147822775286
0,0,0.0085161681971671
0,0,0.05338705581822562
0,0,0.047926681462738346
0,0,0.0012508753465935141
1,1,0.961388978622507
0,0,0.04231575272864359
0,0,0.19656234199438322
0,0,0.15191231205408884
0,0,0.07912275363139823
0,0,0.03450840224524092
0,0,0.056360619547925615
0,0,0.019419238201752384
0,0,0.041157746652817455
0,0,0.042305260549865165
0,0,0.026758223131235048
0,0,0.04983981763058872
1,1,0.9530745028360141
0,0,0.05385634864180534
0,0,0.1055214233610945
0,0,0.024438614502890078
0,0,0.006108900504256131
0,0,0.1562991893385874
0,0,0.02050152181402274
0,0,0.018598556510665158
0,0,0.05524702164497235
0,0,0.06699749031457625
0,0,0.07321931044156761
0,0,0.3721287531995129
0,0,0.048186464630501746
0,0,0.03295452629202704
0,0,0.35697941996834437
0,0,0.061962095595719836
0,0,0.01630370840967593
0,0,0.04619862278373025
0,0,0.10994663171497623
0,0,0.07006669067626263
0,0,0.10606081675627917
0,0,0.029838018965090876
0,0,0.02181538569141399
0,0,0.027943986339916828
0,0,0.07915309261335185
1,0,0.06619725354971163
0,1,0.9933557299228466
0,0,0.020815051929075182
0,1,0.868895386417045
0,0,0.012624472449028075
0,0,0.05248652125702252
0,1,0.8960492841912515
1,1,0.9602314385842969
1,1,0.9748597672942932
0,0,0.024370788611358232
0,0,0.16510305044539858
0,0,0.05588521994611547
0,0,0.06282265751603108
0,0,0.03404871073514709
0,0,0.23843931979919508
0,0,0.06234380881756098
0,0,0.03956291305008503
1,1,0.9999993505973743
1,1,0.9959313078828096
0,0,0.06664828099711938
0,0,0.19450902941054696
0,0,0.06145106850234507
0,0,0.02452721128851873
0,0,0.06549868664145103
1,1,0.9606241629544939
0,0,0.04164958837460007
0,0,0.05870303417945304
0,0,0.054390636512253066
1,1,0.9999999976212941
0,0,0.08462390152357274
0,0,0.08141313833642307
1,1,0.9999833623770513
0,0,0.09286957019297709
0,0,0.04232691030932083
0,0,0.028641929401419918
0,0,0.00999441576739669
0,0,0.0864710822570661
0,0,0.036376676116549406
0,0,0.07146345551450686
0,0,0.06074669712161272
0,0,0.028107023918044684
0,0,0.09238679097498244
0,0,0.06594312334840724
0,1,0.535869414922945
0,0,0.06290130725170848
0,0,0.018061172837394137
0,0,0.1843384993787456
0,0,0.041393496970265745
0,0,0.46702049956002856
0,0,0.18076760196213382
0,0,0.034690395618850345
0,0,0.07789531331012486
0,0,0.022048335376743625
0,0,0.1644377977793702
0,1,0.9999995579217057
0,0,0.13240341304517458
0,0,0.11907301148948013
1,1,0.9999851119885149
1,1,0.9999999999998602
0,0,0.22829643827129442
0,0,0.06202935801066269
0,0,0.011203481241774841
0,0,0.020543184145349207
0,0,0.006981464585274156
0,1,0.999991823528429
0,0,0.021624433571796883
0,0,0.08032454465303139
0,0,0.05922411375380625
0,0,0.09020505933064606
0,0,0.1440857911322077
0,0,0.03005744495221415
0,0,0.10611816966176908
0,0,0.036678206430960446
1,1,0.9999999164431143
0,1,0.9367049728555544
0,0,0.017727474611201898
0,0,0.16147045704896154
0,0,0.10305903406976341
0,0,0.07357368058506927
0,0,0.07766975124295719
0,0,0.057902936798006
0,0,0.01823063721370656
0,0,0.04045541776544121
0,0,0.13636768631324644
0,0,0.1281033126725592
0,0,0.016914075617073483
0,0,0.023442680016968354
0,1,0.9960787649177291
0,0,0.058512911277529486
0,0,0.10786204758823602
0,0,0.051675053191258674
0,0,0.0032381843912680937
0,0,0.11272137857885642
0,0,0.022320453895120884
0,0,0.023607747925511097
0,0,0.005821526192359573
0,1,0.9931177122971396
0,0,0.0407996838431716
0,0,0.23919464809026678
0,0,0.050301220559512666
0,0,0.04885787347414282
0,0,0.044695307981794684
0,0,0.10670333229065687
0,0,0.11173876834392102
0,0,0.07916685976439118
0,1,0.9259885896194869
0,0,0.06470857610811667
0,0,0.04614163542806435
0,0,0.05081790235102799
0,0,0.021163494692664778
0,0,0.3598390145829993
0,0,0.0287386448201265
0,0,0.10573738142718667
0,0,0.05132301803028529
0,0,0.05503520018807586
0,0,0.013361323129811713
0,0,0.021553394802080315
0,0,0.06402668461638057
0,0,0.05061182728831395
0,0,0.1353804384306265
0,0,0.03288709525302353
0,0,0.10099462403284698
0,0,0.06191945296975794
0,0,0.015426565153205818
0,0,0.1851073881420956
0,0,0.11073939599546603
0,0,0.016924847333127088
1,1,0.9218526028524452
0,0,0.03616907986876922
0,0,0.018807840032623206
0,0,0.2279432051334702
0,0,0.013736931667289126
0,0,0.033187281309222535
0,0,0.06472753563818977
0,0,0.016408013459949328
1,1,0.8292929795873047
1,1,0.5317373172987786
0,0,0.003417635309798962
0,0,0.03264013333915378
0,0,0.08925505658731071
0,1,0.9785226826098143
0,0,0.04646090638372388
0,0,0.14816035169933092
0,1,0.8990530466419993
0,0,0.0501388097285682
0,0,0.09600231234692111
0,0,0.04277089682372701
0,0,0.07985300755266314
0,0,0.0473354694702385
1,1,0.9999999583120682
0,0,0.08087061795227823
0,0,0.21252199880449793
0,0,0.01327350662309622
0,0,0.022401111497623034
0,0,0.34256910951252695
0,0,0.04631578968337283
0,0,0.0647768105009987
0,0,0.054191560968743724
0,0,0.016573665120330167
0,0,0.18321442061088072
0,0,0.026528178444836483
0,0,0.018247326921292183
0,0,0.025404143218339628
0,0,0.29948788313808594
0,0,0.21986870773550946
0,0,0.10003068947422354
1,1,0.9999999999999699
0,0,0.1150300976754591
0,0,0.06056385339536023
0,0,0.04480221284310971
0,0,0.03171906190327279
0,0,0.05631049155806847
1,1,0.9536562373274354
0,0,0.05120997789710464
0,1,0.8964525158293655
0,0,0.021390191477801843
1,1,0.9999999317634103
0,0,0.0009766488961410454
0,0,0.01726606271635595
0,0,0.08972604631777559
0,0,0.10788143460641514
0,0,0.07364329584623573
0,0,0.042042140759537154
0,0,0.08720223324732974
0,0,0.014075326048761811
0,0,0.023406272313556204
0,0,0.07933602162297872
0,0,0.0741856822682439
0,0,0.03129276905502833
0,0,0.019796289201443915
0,0,0.18504243404242782
0,0,0.05045365642334529
0,0,0.04564211440612927
0,0,0.06827483588643914
0,1,0.9382744802905343
0,0,0.12643916186851806
0,0,0.03633320530105454
0,0,0.12211551098287277
0,0,0.046430772040061755
0,0,0.14431238815530065
0,0,0.05701324542595278
0,0,0.03554622611205619
0,0,0.08125569155693968
0,0,0.03340992647298267
1,1,0.9945915509743375
0,0,0.10925878358323898
0,0,0.04636804664940878
0,0,0.04473659021844083
0,0,0.18393963003966654
1,1,0.9496996095292568
0,0,0.033257314257618784
0,0,0.05220723986590256
0,0,0.022347342371501672
0,0,0.035252327232594124
0,0,0.029865043261420296
0,0,0.0382134389555476
0,0,0.10463965161989842
0,0,0.015539467976784058
0,0,0.07916284319043523
0,0,0.09767528089108234
0,0,0.2785977701588548
0,0,0.011313280248642551
0,0,0.02391217152396535
0,1,0.9246979542211248
0,1,0.6695304962702286
0,0,0.00811326398641683
0,0,0.021738164884921706
1,1,0.8549746036740216
1,1,0.936511210607926
0,0,0.028288152179598795
0,0,0.13309503019680713
0,0,0.05177152670794896
1,1,0.9999999999890339
0,0,0.039877283025960684
0,0,0.061907025313001685
0,0,0.07087989900606116
0,0,0.035686356065817285
0,0,0.07955325833071801
0,0,0.056139339351875504
0,0,0.08793118090107849
0,0,0.028721123853522528
0,0,0.0710765801315087
0,0,0.0542654679245355
1,1,0.9999999951354718
0,0,0.14009941822488925
0,0,0.047712534835041606
0,0,0.04426445232823388
1,1,0.999998761321476
0,0,0.2596625022867182
0,0,0.015556690208249018
0,0,0.04778638110899195
0,0,0.03861134065716453
0,0,0.3087603924726572
0,0,0.03345632904654407
0,0,0.17135341589232292
0,0,0.03086069025157687
0,0,0.031874386527746774
0,0,0.09810001819692551
0,0,0.008895101393144731
0,0,0.009370773737748606
0,0,0.03388173922606385
0,0,0.1244862375299478
1,1,0.9776600747577527
0,0,0.03857164342362716
0,0,0.22232493979901086
0,0,0.102297932487629
0,0,0.05093561529480787
1,1,0.9999999999999699
1,1,0.9973012159428776
0,0,0.06311591443492028
0,0,0.0413392873577443
0,0,0.2617980082954097
0,1,0.9973410310428241
0,0,0.08310906624442763
0,0,0.038826165825760435
0,0,0.03355702054573305
0,0,0.011570386782304992
0,0,0.0534280161524895
0,1,0.9677453169926834
1,1,0.9360683151277034
0,0,0.026220451599214736
0,0,0.01192734735516246
0,1,0.9925933611108123
0,0,0.11417263131034332
0,0,0.05941292382286303
1,1,0.8285646337372621
0,0,0.026441601431753777
1,1,0.5663321972881843
0,0,0.031114969818973517
0,0,0.06530338120093787
1,1,0.7729139347918246
0,0,0.09079577113197458
1,1,0.9999999997978193
0,0,0.05685748262964947
0,0,0.12542907012899795
0,0,0.0357116783845493
0,0,0.1382902626729562
0,0,0.013663468502393203
1,1,0.9759096139205218
1,1,0.9364565034019069
0,0,0.10612603378052766
0,0,0.05445677567965486
0,0,0.06846698420727435
0,0,0.037426449749751664
0,0,0.023458048758408564
0,0,0.023376849961748485
0,0,0.013462470268088984
0,0,0.06711261282863798
0,0,0.0354997787959499
0,0,0.13225205978270943
0,0,0.018918250869984225
0,1,0.9664482548601074
0,0,0.0612063884212608
0,0,0.0032290029066939694
1,1,0.8571002872666218
0,0,0.04989324612345797
0,0,0.03854685365410203
0,0,0.09437721942277137
0,0,0.0501491568814719
0,0,0.011456482770170187
1,1,0.9618826101782836
0,0,0.04657790120521704
0,0,0.050725755267748515
1,1,0.9999998620714744
0,0,0.41825886491072223
0,0,0.015308284696160218
0,0,0.03407752432382159
0,0,0.05732021865415463
0,0,0.08096564349361515
0,0,0.0736154188203532
0,0,0.04446888802556069
0,0,0.05778168661268339
0,0,0.07277834241851587
1,1,0.9713351941757249
0,0,0.025846854986330048
0,0,0.004307397159030632
1,1,0.9819135028406722
0,0,0.02577711090593736
0,0,0.03818392302655726
0,0,0.06059365712484523
0,0,0.13680391019717175
0,0,0.05006035551604702
0,0,0.061108779525717936
0,0,0.045756799682019206
0,0,0.027626212210676227
0,0,0.09436052769226269
0,0,0.06035830415962624
0,1,0.9181479295104056
0,0,0.05988792927669489
0,0,0.034824545147802206
0,0,0.08410873904146363
0,0,0.04179760662938046
1,1,0.9605891360137806
0,0,0.026692157425250655
0,0,0.05797374544693559
0,0,0.04696482601044973
1,1,0.9999870586833423
1,1,0.9286162660673283
0,0,0.07441871186072516
0,1,0.9999999612036781
0,0,0.02492222291793241
0,0,0.0263829016252858
0,0,0.014343370071644998
0,1,0.7361137210472344
0,0,0.03918291328448356
0,0,0.02222273069390685
0,0,0.08024962277740773
0,0,0.30202633204982343
0,0,0.008882761844675315
0,0,0.08963599333894144
1,1,0.9931366168654131
0,1,0.5915708407160516
0,0,0.5
0,0,0.0999291390973975
0,0,0.02148240527221573
0,0,0.1874553705155709
0,0,0.10649934529937108
0,0,0.1808662814269572
0,0,0.014594855740262102
0,0,0.031735985527736696
0,0,0.046020661131795156
0,0,0.004197340166313284
0,0,0.4062616212539732
1,1,0.999999950476027
0,1,0.8672672961000994
0,0,0.10836886486208616
1,1,0.9999999989019562
0,0,0.0397178088359171
0,0,0.06162500559434103
0,0,0.39069987664009237
0,0,0.01305087579858268
0,0,0.12257120104175816
0,0,0.14186091994105451
0,0,0.14816195018543737
0,0,0.09564147503334483
0,0,0.12604143053640385
0,0,0.04997938884527295
0,0,0.05241296466954348
0,0,0.028113192157738418
1,1,0.733630079261323
0,0,0.017726544436455167
0,0,0.040505585014237684
0,0,0.023639513502354444
0,0,0.008245197595931276
0,0,0.08056173778085354
1,1,0.955749310338238
0,0,0.09362586651341082
1,1,0.8967791292159567
0,0,0.06391016915227637
0,0,0.06372745903482535
0,0,0.11215162257897371
1,1,0.999987270588985
0,0,0.11546581729583197
1,1,0.9999979997163815
0,0,0.07664279931828193
0,0,0.06979387955475928
0,0,0.1386921742177018
0,0,0.13883663398905619
0,0,0.13011106981707202
0,0,0.04023331314120299
0,0,0.2227156029849539
0,0,0.02317329876517026
0,0,0.012377212001913239
0,0,0.14637157794839042
0,1,0.9999907240461217
0,0,0.08050447633586155
0,0,0.16242354955750124
0,1,0.8485484177998913
0,1,0.8446463268493515
0,0,0.2865338597164043
0,0,0.0027326024219457476
0,0,0.03717865129682326
0,0,0.030757603191136608
0,0,0.13639867316373522
0,0,0.04250974011860854
0,0,0.26453614931408626
1,1,0.9200825588301796
0,0,0.07178915759312066
0,0,0.14786755230747722
0,0,0.02056852041289152
0,0,0.046049768414171605
0,1,0.6149078322796404
0,0,0.05640771534277075
1,1,0.7229651881665242
0,0,0.019911744668754564
1,1,0.9999999999999699
0,0,0.018820078418308867
0,0,0.0640486603907773
0,0,0.026755910523212266
0,0,0.06717268203484379
0,0,0.07562402672366456
1,1,0.9999999995547225
0,0,0.034678531682630256
1,1,0.9999999999999699
0,0,0.03899840095099454
0,0,0.03448265721877875
0,0,0.007749010379764406
0,0,0.019128927284361004
0,0,0.03934700966721516
0,0,0.05991624165648946
0,0,0.037121050077303236
0,0,0.026932746604411053
0,0,0.04396464106719707
0,0,0.031080581848472483
0,0,0.07763633111100046
0,0,0.023247381315092172
0,0,0.02191410918436768
0,0,0.09708330180649545
0,0,0.05498615259490079
0,0,0.04222712287970921
0,0,0.09578572640197082
0,0,0.034692069529490395
0,1,0.9555952374777814
0,0,0.08556937694687901
0,1,0.9999987908351364
0,0,0.045795800981390904
0,0,0.043489861806135885
0,0,0.17738161155625592
0,0,0.06023693612809287
0,0,0.06801187342431932
0,0,0.047400754008947575
0,0,0.2956107428587661
0,0,0.026137339693016473
0,0,0.030401893982132323
0,0,0.1287522814946835
0,0,0.05016930630561713
0,0,0.06896867457985689
0,0,0.15116107572679502
0,0,0.07247184649045152
0,0,0.01813647215795765
0,0,0.043765715166901115
0,0,0.011797950398042803
0,0,0.08356441388922972
1,1,0.9999935424575027
0,0,0.014203746044928621
0,0,0.1636331894923992
0,0,0.2579018903458181
0,0,0.03475641389232856
0,0,0.19289317698990194
0,0,0.04299382219256021
0,0,0.10054199317126793
0,0,0.2998906142111586
1,1,0.9999999514402551
0,0,0.027033084122143152
0,0,0.07231592760831199
1,1,0.9865266804058125
0,0,0.45661357071558906
0,0,0.07155083651503127
0,0,0.0268294586823951
0,0,0.05364800157900017
0,0,0.035087578443175685
0,0,0.07669646211751754
0,0,0.024813597233372044
0,0,0.01790928637729965
0,0,0.03817031975736244
0,0,0.09263015595435097
1,1,0.8770369735775357
0,0,0.10955246158311167
0,0,0.006227255325637658
0,1,0.6063009820613078
1,0,0.41050562240808186
0,0,0.020702492229544386
0,0,0.04442036857527119
0,0,0.04628730838025214
0,0,0.011385429213730272
0,0,0.0976520692910806
0,0,0.0433663596680643
0,0,0.07121694712764177
0,0,0.14226128867251422
0,0,0.1353070753069435
0,0,0.04035502644465491
0,0,0.015723825903064075
0,0,0.04568511712902196
0,0,0.038285171075260443
0,0,0.07745672124940295
0,0,0.017871954655431916
0,0,0.17352440101181582
0,0,0.043528957772849326
0,0,0.13808094128986326
0,0,0.1311191904053455
0,0,0.11286011015957911
0,0,0.06648636108902496
1,1,0.9999953638263261
0,0,0.11034064339143505
0,0,0.03303995610194875
0,0,0.18699246712133927
0,0,0.05039970555135971
0,0,0.010770512947362842
0,0,0.09916997723356183
0,0,0.1001746515318155
0,0,0.04492002624536377
0,0,0.09688739768296319
0,0,0.11191106180937506
0,0,0.01696716654478622
0,0,0.09422950496567002
0,0,0.025105964139330212
1,1,0.9999832987947882
0,0,0.3727560052151047
0,0,0.027149003847282013
0,0,0.05137964688061364
1,1,0.5838804130794095
0,0,0.016930514922537082
0,0,0.08235754708720922
0,0,0.11800688881790587
0,0,0.025848524552040234
1,1,0.9773999283043047
0,0,0.08276573644223484
0,0,0.0072148579790750796
0,0,0.01641576675630594
0,0,0.027730184110791277
1,1,0.9858997517859012
0,0,0.09654312325186264
0,0,0.04317759594524036
1,1,0.9584951445320108
0,0,0.007575454073317594
0,0,0.025076696419135222
0,1,0.9348533794921225
0,0,0.1255065016957691
0,0,0.15366126240132263
0,0,0.12753897171135087
0,0,0.026375815031767644
0,0,0.04655824484562724
0,0,0.022744553770993468
0,0,0.036370234023703624
0,0,0.10677524205507179
0,0,0.01779037507190827
1,1,0.9999999971227126
0,0,0.04432392529418693
0,0,0.028818757670667224
0,0,0.017199314469226276
0,0,0.03148458173251888
0,0,0.07293383149980835
0,0,0.08111940392462585
0,0,0.013982019234024342
0,0,0.03474845642191232
0,0,0.05026495662157875
0,0,0.03758749265807197
0,0,0.4473410008567826
0,0,0.05956187445416322
0,0,0.14555161981940573
0,0,0.12636357236900791
0,0,0.09705028373665998
0,0,0.011613558320494145
0,0,0.02847013318795717
0,0,0.02759588903318479
0,0,0.021032879972841066
0,0,0.030214695929624804
0,0,0.006430011087299594
0,0,0.04774021534225491
0,0,0.007650470654743092
0,0,0.07564049901108263
0,0,0.18375981422486573
0,0,0.038747583443566144
0,0,0.056778605687380426
0,0,0.0577966232356038
0,0,0.06754752934219455
0,0,0.021799456287040966
0,0,0.01489031100505095
0,0,0.12363152978053674
0,0,0.09505025633859865
0,0,0.13375180238022333
0,0,0.16554026018078627
0,0,0.040332610251219876
0,0,0.06817536732399869
0,0,0.08223772859654266
0,0,0.01422824424533945
0,0,0.09604760639568317
0,0,0.003389963651112552
0,0,0.15199258138124289
0,0,0.03359618957598889
0,0,0.006644559197286763
0,0,0.022025565362165895
0,0,0.012710990791860855
0,0,0.19400561054465598
0,0,0.04772305580627793
0,0,0.040178675386897685
0,0,0.03495577165569771
0,0,0.07220571950979043
0,0,0.11064844585946301
0,0,0.021827158857853485
0,0,0.06371656395995151
0,0,0.06930856578244374
0,0,0.1846065865793291
0,0,0.06099080864709321
0,0,0.0016173525668814347
0,0,0.02652054685579183
0,0,0.03474234065401583
0,0,0.18103284869999445
0,0,0.005847854137603792
0,0,0.019105392138041053
0,0,0.03364796861154371
0,0,0.04898486061966878
0,0,0.017923635564760763
0,0,0.018545542584214203
0,0,0.02493166821631097
0,0,0.1518685008596394
0,0,0.08738247850895342
0,0,0.07554411653002446
1,1,0.9969719325864491
0,0,0.021015768512469644
0,0,0.08652808539701583
0,0,0.07863083216372004
0,0,0.03300815221909952
0,0,0.021661239680783727
0,0,0.040250845257052734
0,0,0.16954026469675118
0,0,0.09524479321212863
0,0,0.013510781837850261
0,0,0.11983739299049948
0,0,0.19994986076834914
0,0,0.12346863303037887
0,0,0.06011267885808654
0,0,0.020869901710823095
0,0,0.06700375346861964
0,0,0.04138111026346369
0,0,0.14904256283965805
0,0,0.08415580039323667
0,0,0.1458262489080579
0,0,0.09137460198268178
0,0,0.01828567041794235
0,0,0.051672525454635625
0,0,0.05195148154220942
0,0,0.04871670510991302
0,0,0.05140987407281842
0,0,0.07596264505924392
0,0,0.016676593220935246
0,0,0.011011357762797009
0,0,0.05745768603001835
0,0,0.16493764927319604
0,0,0.04360744333210757
0,0,0.06817790388721474
0,0,0.048983850782144046
0,0,0.03846973823244769
0,0,0.004415394687595293
0,0,0.1091882335034254
0,0,0.05937388606541957
0,0,0.021025764306402055
0,0,0.025415595454511126
0,0,0.026039199181471673
0,0,0.01123942540826181
1,1,0.9968228918161802
0,0,0.05624159027254634
0,0,0.11009763076026763
0,0,0.11852865547100769
0,0,0.002987055393745295
0,0,0.16820968098185107
0,0,0.002947035316808889
0,0,0.029052423660806376
0,0,0.10659220876824027
0,0,0.05123593958345217
0,0,0.06815151118647966
0,0,0.0075700333150389735
0,0,0.014262861975041886
0,0,0.004450883063210483
0,0,0.268730033595366
0,0,0.03884533362865391
0,0,0.025823133967081188
0,0,0.05630456041583358
0,0,0.052352049168009354
0,0,0.015584995110155103
0,0,0.06194222675608393
0,1,0.9431380198650062
0,0,0.04634330223556629
0,1,0.9999999801840077
0,0,0.01147590766343121
0,0,0.06782942087454459
1,1,0.9274909487800761
0,0,0.06544794219435628
0,0,0.04233477621434651
0,0,0.11459686089339984
0,1,0.8854168309124335
0,0,0.06193922311184747
0,0,0.061605227518462716
1,1,0.9552868822529677
1,1,0.9788997997693244
0,0,0.05495750223215893
0,0,0.07367023292337349
0,0,0.03835258968696943
0,0,0.029933074533595814
0,0,0.08299026053961349
0,0,0.008637042373388453
0,1,0.9635400218688343
0,0,0.040861170732768015
0,0,0.019967455927291586
0,0,0.00881970376812304
0,0,0.009534431316587358
0,0,0.1706263374877841
0,0,0.04081133909915602
0,0,0.03514823089967729
0,1,0.6250832882117308
1,1,0.9999998143173393
0,0,0.07458943656200456
0,0,0.10943478730886386
0,0,0.05715892587194274
0,0,0.010099195446644291
0,0,0.07048628504646559
0,0,0.03056088054803734
0,0,0.07292405571994949
1,1,0.7930574345866266
0,0,0.1954669459607028
0,0,0.0371429431517826
0,0,0.11757689908637928
0,0,0.03117190530751345
0,0,0.15650271663155332
0,0,0.03802054517293587
0,0,0.2021018926698053
0,0,0.04440592523481076
1,1,0.808015850533339
0,0,0.0595231266862047
0,0,0.02093097369774385
0,0,0.05197119106933674
0,0,0.09884816313471324
0,0,0.06975884873314671
0,0,0.06632240431997019
0,0,0.04975665160042978
0,0,0.03945403512797449
0,0,0.024844452302276433
0,0,0.37555066734784004
0,0,0.23384791554321988
0,0,0.014995237756957389
0,0,0.07021028278765169
0,0,0.017798439392560636
0,0,0.12173575010568313
0,0,0.01610938572215552
0,0,0.19352440387856729
0,0,0.03902634107593976
0,0,0.01797395132472854
0,1,0.9226475366374028
0,0,0.037770884475124306
0,0,0.4290862927308371
1,1,0.9537618561060871
0,0,0.2110103921506493
1,1,0.9880072164021836
0,0,0.04339709098838141
0,0,0.0548551612048019
1,1,0.9999998048246028
0,0,0.03761203507723497
0,0,0.03651751936548386
0,0,0.0257433500434988
0,0,0.0528169027044495
1,1,0.9999876203745998
0,0,0.2750403370065524
0,0,0.10020809692908139
0,0,0.06299332017906284
0,0,0.02342262714911414
1,1,0.9999985932188155
0,0,0.018417444136140836
0,0,0.02434336315430617
0,0,0.1609539851847658
0,0,0.040272051214931284
0,0,0.005783496576891676
0,0,0.025697000472695835
1,1,0.9472093091148421
0,0,0.046646376062961924
0,0,0.07609789934649973
0,0,0.2668551999459588
0,0,0.01632058939461776
1,1,0.895167520438081
0,0,0.02553896787021254
0,0,0.1696217050505055
0,0,0.03554276817586813
0,0,0.10643947873603696
0,0,0.0008131341803225325
0,0,0.11399086071168588
0,0,0.004690815384854091
0,0,0.01970521733696707
0,0,0.030439835860806654
0,0,0.027297630481671456
0,0,0.030119493343376366
0,0,0.001405964563895191
1,1,0.9999999999999699
0,0,0.08839573634776177
0,0,0.052804262625206974
0,0,0.02553516739333085
0,0,0.21255216722373357
0,0,0.06151386261291204
1,1,0.5964063830532946
0,0,0.06306187095108803
0,0,0.05308532553308599
0,0,0.09179837195855894
0,0,0.07340761587335766
0,0,0.19225787457945712
0,0,0.0970768715562736
0,0,0.003860753676482773
1,1,0.9903448146400975
0,0,0.028300496940600654
0,0,0.009377125742685188
0,0,0.16877708066536976
0,0,0.11983199139764997
0,0,0.07362335235700632
1,1,0.9648258720643748
0,0,0.06020889545400112
0,0,0.0426148086387874
0,0,0.04163207146839487
0,0,0.09320926965674457
0,0,0.102037209772919
0,0,0.08328936910205402
0,0,0.03852531575672569
0,0,0.06679628239819059
0,0,0.03645513223333261
0,0,0.01361657132292282
0,0,0.07694098857914032
0,0,0.06977656343735868
0,0,0.004622480880961606
0,0,0.06889793956538443
0,0,0.06956270518188269
0,0,0.01618279505525798
0,0,0.006751440581660038
0,0,0.055944336031184975
0,0,0.038527679300186406
0,0,0.05817197972142698
1,1,0.9960075029383307
0,1,0.9763830953571888
0,0,0.030851956254419874
0,1,0.7217110637567602
0,0,0.08893854366778167
0,0,0.1540820693269949
0,0,0.03467721145262922
0,0,0.01210699457813732
0,0,0.035652316102106195
0,0,0.042648662427770045
0,0,0.028866482903257048
0,0,0.06393493025189574
0,0,0.04247935267249989
0,0,0.018195790911941748
0,0,0.018997784753829974
0,0,0.0036399725181470873
0,0,0.018168594588850062
0,0,0.04546678418271822
0,0,0.11276477168417522
0,1,0.9972832226982137
0,0,0.012423738792171778
0,0,0.06658119132340005
0,0,0.04950473631362135
0,0,0.04467630978618472
0,0,0.050065296598006286
0,0,0.33793300995037884
0,0,0.0055452508196575006
0,0,0.024275470317957158
0,0,0.034476847126095195
0,0,0.12974533851941503
0,0,0.05364328665131345
1,1,0.8154256776647839
0,0,0.07847999754072554
0,0,0.09322418923245765
0,0,0.09891936109782053
0,0,0.03427028168971497
0,0,0.04416439225522962
0,0,0.007079778191686513
0,0,0.05454102407939118
0,0,0.08850134093980155
0,0,0.026699561465456084
0,0,0.0321734547493614
0,0,0.13555883998397283
0,0,0.02809488286163105
0,0,0.013545048612450048
0,0,0.025435572900295043
0,0,0.03243496674300475
0,0,0.028546101023325776
0,0,0.09450395194017842
0,0,0.01073321814065179
0,0,0.004309080005924268
0,0,0.10063655206449021
1,0,0.22500493369294902
0,0,0.13676092573238643
0,0,0.055449979803938475
0,0,0.04351531325363977
0,0,0.004492313412538414
0,0,0.09119337856691362
0,0,0.00493303134057002
0,0,0.12924728184597767
0,0,0.06092056477301896
0,0,0.032835904932244364
0,0,0.0783234883349897
0,0,0.05643417046488813
0,0,0.06590968827264591
0,0,0.08734499997886697
0,0,0.11822882165302762
0,0,0.012104202235088575
0,0,0.07933601164845898
0,0,0.07583794599805131
1,1,0.946302253575577
0,0,0.10006492338663253
1,1,0.8492510460557777
0,0,0.026846054992085373
0,0,0.06506550040173395
1,1,0.8507435683201879
0,0,0.05954392606684918
0,0,0.03620679875425478
0,0,0.09195029758746565
0,0,0.04287868323969145
0,0,0.07638520489439937
0,0,0.024110125292311962
0,0,0.01807963902153163
0,0,0.3369417948596713
0,0,0.12041957178638804
0,0,0.0480718727734403
0,0,0.12973667789241783
0,0,0.06009402309686494
0,0,0.051424732171572
0,0,0.09167985962290501
0,0,0.06540910879570787
0,0,0.0892410329434348
0,0,0.08580931175538943
0,0,0.10732002404026117
1,1,0.9921914745054407
0,0,0.055252771549981386
0,0,0.13989401118072683
0,1,0.7685954248238479
0,0,0.09433756989705572
0,0,0.020196685866460812
0,0,0.30877744812814006
0,0,0.10127014853068003
0,0,0.13645783541316944
0,0,0.12723264289133945
0,0,0.03389193146419672
0,0,0.045236761699183475
0,0,0.013054150948376156
0,0,0.37713386497149154
0,0,0.05916893967146609
0,0,0.0732400162509034
1,1,0.9959474987729602
0,1,0.8369495134525251
0,0,0.23739579897087554
0,0,0.008222453069441473
0,0,0.08173957156049434
0,0,0.014865614416245869
0,0,0.0642222470845585
0,0,0.036736596430873576
0,0,0.011130516176495275
0,0,0.04899432876592181
0,0,0.13093827040777054
0,0,0.06552916915874266
0,0,0.06106754169293632
0,0,0.2394628375456772
0,0,0.08475732933112465
0,0,0.037328095220589524
0,0,0.042983785153874784
0,0,0.08649568294009231
0,1,0.7503098806277254
1,1,0.9903833788238394
0,0,0.055820089164894275
0,0,0.04031153699292909
0,0,0.016897938609282223
0,0,0.5168997843066103
0,0,0.1607400944213131
0,0,0.03384835732206844
0,0,0.026511158610656976
0,0,0.048909015005242897
0,0,0.00941624764078047
0,0,0.25777662173151744
0,0,0.06839002431510292
0,0,0.04395598063840383
0,0,0.1371372770124535
0,0,0.15083855897133494
0,0,0.029872458742934385
0,0,0.09653792738842956
0,0,0.029037736834093008
0,0,0.030173053207973893
0,0,0.25718330526904837
0,0,0.043400045938967534
0,0,0.04031618381806483
0,0,0.06461817914054406
0,0,0.21055729169384227
0,0,0.07138650478572726
1,1,0.8574403578976111
0,0,0.06574865543836612
0,0,0.2457697301766333
0,0,0.13430117218495588
0,0,0.02418008402558978
0,0,0.06979335719066651
0,0,0.03785066466281311
0,0,0.08962658687365821
0,0,0.017368404822877506
0,0,0.021983256992070675
0,0,0.05667935451478945
0,0,0.07193967946020256
0,0,0.05252637398382051
0,0,0.0574688627601607
1,1,0.9999999999999699
0,0,0.025636992295581452
0,0,0.006579602102363474
0,0,0.03487073911463118
0,0,0.019987292672031746
0,0,0.042244536652870535
1,1,0.9902168848914298
0,0,0.034596222616624164
0,1,0.9969709046685495
0,0,0.028301331850746403
0,0,0.05270686904324797
0,0,0.07318220457184686
0,0,0.03153632856446565
0,0,0.0502038624900468
0,0,0.014611583548007444
0,0,0.06491739714517787
0,0,0.18867894908376318
0,0,0.07451441581296625
0,0,0.1359079383166084
0,0,0.04837827151649735
0,0,0.025807111292666187
0,0,0.21607508258871505
1,1,0.999999895444162
0,0,0.022075108888789552
0,0,0.015890677659030662
0,0,0.004318743531598389
1,1,0.9433796261590056
0,0,0.06012790934525103
0,0,0.012401894031642605
0,0,0.07039798855110387
0,0,0.04896927204299683
1,1,0.9901663374095475
0,0,0.020486231603714176
0,0,0.0684204816588305
0,0,0.011909940343107262
1,1,0.999994563070665
1,1,0.9999999987401725
0,0,0.041091299723059145
1,0,0.31779428536394777
0,0,0.05299538502506729
0,0,0.16391621514225932
0,0,0.04597052049508833
0,0,0.006852244786623753
0,1,0.9928050697683375
0,0,0.0399129060655166
0,0,0.022355852034439027
0,0,0.06202161412003952
0,0,0.046914612145297914
0,0,0.06935770067902432
0,0,0.045396750844529675
0,0,0.003367877901367772
0,0,0.09169360763435247
0,0,0.013693305054690146
0,0,0.062298541223463615
0,0,0.041212284829114
0,0,0.1464410563014165
0,1,0.6781446676005682
0,0,0.0210867412515096
0,0,0.20936957352216617
0,0,0.010520213431217111
0,0,0.04340771558229416
0,0,0.004257113706739015
0,0,0.07605560874160888
0,0,0.19688230028897566
0,0,0.029267177568235728
0,0,0.04083940355550422
0,0,0.04571479161232786
0,0,0.1512142878382605
0,0,0.07330101417028571
0,0,0.048619642139804735
0,0,0.21266652827410942
0,0,0.04179757759510776
0,0,0.004318121601021784
0,0,0.010750715375927141
0,0,0.2592879669236474
0,0,0.09279769996956627
0,0,0.06083157759875672
0,0,0.015616739785813948
0,1,0.6675180897282652
0,0,0.05193805867765473
0,1,0.7368980197289231
0,0,0.03801952696767657
1,1,0.8021121794849653
0,0,0.006963450893020059
0,0,0.01087991759074599
0,0,0.10278521856588858
1,1,0.9999999999988058
0,1,0.9428746534301023
0,0,0.005591291605688774
1,1,0.9101500111776974
0,0,0.04204045816676478
0,0,0.029406557616792024
0,0,0.06036136970425837
0,0,0.014024614289737567
0,0,0.00425562491812657
0,0,0.08980354771564611
0,0,0.04392068217520931
0,0,0.08655409878596773
0,1,0.9918420718775879
0,1,0.7586626884586222
0,0,0.116470137834299
0,0,0.18585326817269884
0,0,0.041614655532203164
0,0,0.06171277808446078
0,0,0.007183879763893845
0,0,0.00921620201977197
0,0,0.020097805114006915
0,1,0.8568586816523636
0,0,0.023992956412023193
0,0,0.0052260612671336595
0,0,0.012496835797861537
0,0,0.1729391827651918
0,0,0.08601327208451295
0,0,0.013226554548736533
0,0,0.003367877901367772
0,0,0.02442360468373568
0,0,0.09248306616515445
0,0,0.030069356395469763
0,0,0.07916258615795574
0,0,0.10708075053887922
0,0,0.06104441846296303
0,0,0.033873590858119765
0,0,0.037588590314849124
0,0,0.07114423678664622
0,0,0.011424166689413123
0,0,0.01246770162555258
0,0,0.10971577780323781
0,0,0.06710277965350699
0,0,0.08812541460089017
0,0,0.026384131844412465
0,0,0.031138772353501966
0,0,0.06846440321110948
0,0,0.005232016054446402
0,0,0.11374556283536914
0,0,0.03226382008402232
0,0,0.06165396326054905
1,1,0.9999999885826242
1,0,0.3652898447988268
0,0,0.056079663351305424
0,0,0.03349464549061031
1,1,0.9797590642707552
0,1,0.6941276730983635
1,1,0.8659246398618953
0,1,0.9442332869729234
0,0,0.04667114928217468
0,0,0.046194376514987145
0,0,0.02724461612384908
0,0,0.03604613963138978
0,0,0.040438755359380234
0,0,0.0762432667917966
0,0,0.23406926818638413
0,0,0.007054194796157727
0,0,0.003956074602469483
0,0,0.021642741848545206
0,0,0.06068315645065602
1,1,0.9692161489578374
0,0,0.08971910663760009
0,0,0.1063146358163583
0,1,0.8713260975461896
0,0,0.16357271520255892
0,0,0.0441876865466288
0,0,0.016367866545756584
0,0,0.021175350318645123
0,0,0.023750256593366863
0,0,0.05543028511710971
0,0,0.035153875258827565
0,0,0.03335585824854754
0,0,0.09219154425684406
0,0,0.036255183978292756
0,0,0.06090820149774886
0,0,0.047630178903612826
0,0,0.051786535950676324
1,1,0.9999999621468563
0,0,0.05959543314823409
0,0,0.059382702585489555
0,0,0.04193461350956483
0,0,0.004667590889738496
0,0,0.06005756968193384
0,0,0.010462223087343738
0,0,0.046907890155584026
0,0,0.15414295400849953
0,0,0.1764763369946721
0,0,0.015629249787535937
0,0,0.09736233013155342
0,0,0.026386957619848998
1,1,0.9972484487814369
0,0,0.006312607346628959
0,0,0.009079434343361273
0,0,0.02565379176183371
0,0,0.138007470784991
0,0,0.014057719712637976
0,0,0.2698121902579014
0,0,0.06886849977720891
0,0,0.07116419125097653
0,1,0.9951544587488145
1,1,0.971777062132369
0,0,0.11242075274009625
0,0,0.024384557748299354
0,0,0.056204946104843105
0,0,0.11451069058695328
0,0,0.02591876620175127
0,0,0.10388638855613239
0,0,0.0824463681557636
0,0,0.060884653187089695
0,0,0.12027335565119122
0,0,0.067400427621914
0,0,0.0029749133842043017
0,0,0.06820115198256102
0,1,0.9999999442359184
0,0,0.014341148013649434
0,0,0.10457881553111974
0,0,0.055121318838758177
0,1,0.8915371777017221
0,0,0.10845265047275968
0,0,0.05222355645224681
0,0,0.14736052312615727
0,0,0.0659737071601041
0,1,0.5396044241382707
0,0,0.13189208239387998
0,0,0.0278164641142978
0,0,0.11084804382461239
0,0,0.057738192273649666
0,0,0.011514914130591513
0,0,0.0072625799660649415
0,0,0.026727748258301903
0,0,0.01773585335309488
1,1,0.8403669452468946
0,1,0.9770730975483197
1,0,0.18119038045537658
1,1,0.9900177688325449
0,0,0.056324059467988616
0,0,0.12172400913208266
0,0,0.05950941945427816
0,0,0.11916103104168885
0,0,0.07671498380237884
1,1,0.9523637375267979
0,0,0.304926728421618
1,1,0.9901072426721655
0,0,0.03858751346942606
0,0,0.040419626830241424
0,0,0.014188718637105108
0,0,0.01958847407705174
1,1,0.9999999999999699
1,0,0.33235953755751574
0,0,0.15246204634657265
0,0,0.006087238889254401
0,0,0.14032929973093303
0,0,0.04876142651960459
0,0,0.08673709938263989
0,0,0.07132158544791056
0,0,0.015069321499601013
0,0,0.20984373311514876
0,0,0.014393125669410159
0,0,0.012376378547007946
1,1,0.9999998819609001
0,0,0.15753379700165396
0,0,0.35345384714423433
0,0,0.014982195996473355
0,0,0.02148391214182319
0,0,0.01980278253020867
0,0,0.11003373275670311
0,0,0.033894294995313476
0,0,0.10046625590619847
0,0,0.1385607061861749
0,0,0.03474387006308575
0,0,0.03950650001611675
0,0,0.0989394795117047
0,0,0.2764275391914229
0,0,0.2484507140204757
0,0,0.0409563819987787
0,0,0.048292872175006336
0,0,0.02735766402959443
0,1,0.999998125028774
0,0,0.03106125257012843
0,0,0.06842666797655038
0,0,0.03457449769327081
0,0,0.042069719112737804
0,0,0.014014188983618016
0,0,0.08089758177660097
1,0,0.0896490901517373
0,0,0.011654844960941992
0,0,0.07755571194578281
0,0,0.07288966202228363
0,0,0.040816969641715946
0,0,0.20330836015791048
0,0,0.035675353229253734
1,1,0.9932600416688306
0,0,0.03221528150358342
0,1,0.9999997910964619
0,0,0.06921362761070629
0,0,0.1010132353640517
0,0,0.2033296710555142
0,0,0.01905257296903452
0,0,0.07549351436849767
0,0,0.04398181778234587
0,0,0.055107084370897015
0,0,0.08509727268948145
0,0,0.03397666978583136
0,0,0.011391987171400516
0,0,0.0830487701709566
0,1,0.9999911616265791
0,0,0.07239047281187354
0,0,0.27680269066686497
1,1,0.9999999999488999
0,0,0.005984314951732761
1,1,0.9955061906313104
0,0,0.031957775561545484
0,0,0.34640213629662453
1,1,0.999999999991859
0,0,0.041856797383917795
0,0,0.014014188983618016
0,0,0.12375408404693755
0,0,0.14086820244398635
1,1,0.9859711067017158
0,0,0.035726173520537294
0,0,0.012380149308536533
0,0,0.03524372301908131
0,0,0.04727845517151385
0,0,0.017870944304910586
0,0,0.09237944190864246
1,1,0.7551224779180553
0,0,0.008756314226565046
0,0,0.04780097800408928
1,1,0.9999993676752575
0,0,0.013647155115482416
0,0,0.37336746503493307
0,0,0.26148531246294265
0,0,0.04997751139230705
0,0,0.2258971619844852
0,0,0.029744437216685668
1,0,0.4269865334975068
0,0,0.019615443965648734
0,0,0.006617202913282452
0,0,0.051740059900746205
0,0,0.03277600343004013
0,0,0.02712160098082929
0,0,0.06498673769087465
0,0,0.08855461214889147
0,0,0.01959300614260104
0,0,0.07619575040210019
0,0,0.06317720280293442
0,0,0.07590044197456354
0,0,0.05969743442369059
0,0,0.029648700566446314
0,0,0.04293764181743424
0,0,0.04751755833355275
0,0,0.03421100493039986
0,0,0.17551220591586783
1,1,0.9999984398687978
0,0,0.06358336096037102
0,0,0.095746859059291
0,0,0.12101469862367849
0,0,0.17740647823792896
0,0,0.08613449092623593
0,0,0.05147650231965754
0,0,0.0999012084117261
1,0,0.22579162026851657
0,0,0.02064803404201114
0,0,0.1295964323065616
0,0,0.2874755622704651
0,0,0.10168650350003253
0,0,0.009569071772765085
0,1,0.9195824621123007
1,1,0.9999916810136393
0,0,0.09861541533026785
0,0,0.09340783036126164
1,1,0.8439541448094502
0,0,0.24172421364769486
0,0,0.004868195542109506
0,1,0.6130957642353964
0,0,0.04427687017148977
0,0,0.030607262623654458
1,1,0.9999999999975053
0,1,0.6160051317943513
0,0,0.020186484529769073
0,0,0.019314738934195056
0,0,0.02050402085563054
0,0,0.041730618697339454
0,0,0.014571022314516414
0,0,0.09170206201434973
0,0,0.05516302683198703
1,1,0.8904934921214512
0,0,0.09624557255681299
0,0,0.01629224496384401
0,0,0.018862477593491574
0,0,0.01380173900871542
0,0,0.09543389480373207
0,0,0.05870972303277514
0,0,0.05375972037288185
0,0,0.2994006507710932
0,0,0.20655809636986827
0,0,0.10144439220668004
0,0,0.032512602362058204
0,0,0.031098763903876843
0,0,0.06740491964902198
1,1,0.986860345273298
0,0,0.054144149804917135
0,0,0.04160234256575141
1,1,0.9999999999473566
0,0,0.014014188983618016
0,0,0.025240536489174112
0,0,0.12271044161052776
0,0,0.030688000652028178
0,0,0.02800606993131691
0,0,0.09893133829208861
1,0,0.11392679928991381
0,0,0.01702096126388985
0,0,0.061498170751032324
0,0,0.013634359386596902
0,1,0.9999958697920899
0,1,0.9783185254805317
1,1,0.652720131539185
0,0,0.011226255871361827
1,1,0.9560368527424337
0,0,0.006959415160112491
0,0,0.11594504329710374
0,0,0.17374355120757956
0,0,0.02006762410982701
1,1,0.9157169054005324
0,0,0.003159650473855637
0,0,0.07768784477334405
0,0,0.05425656980129496
0,0,0.22842775460424242
0,0,0.011551907958267086
0,0,0.09061674598717204
0,0,0.05900592465892926
0,0,0.013900443407241482
0,0,0.04521587187783772
0,0,0.05345103043315673
0,0,0.22019535018270292
0,0,0.27005618361221906
0,0,0.009790229728756464
1,0,0.3036464583448089
0,0,0.042156076878692675
0,0,0.052906452390694254
0,0,0.10576449584671854
0,1,0.9305742597180633
0,0,0.010033735696821956
0,0,0.042674522790992
0,0,0.16780233735694264
0,0,0.08676945010972828
0,0,0.07824410274282877
0,0,0.025532562707147974
0,0,0.05038643965716041
0,0,0.12121791905909013
0,0,0.0066112043946527175
0,0,0.043013382527241406
0,1,0.9782323669123656
0,1,0.544197975168915
1,1,0.9912994620039656
0,0,0.021299905531239897
0,0,0.21108593976951803
0,0,0.033417089157845095
0,0,0.279911015276734
0,0,0.037052965052820734
0,0,0.042746600629198425
0,0,0.026371732699840326
0,0,0.034711249888941295
0,0,0.047336784866077786
0,0,0.04695939311704555
1,1,0.9691035382910265
0,0,0.04227814456048608
0,0,0.09164557717950525
0,0,0.06103970096332855
0,0,0.07857618997286595
0,0,0.0013918074850806897
0,1,0.9999988062391238
0,0,0.06143943592362102
1,1,0.7852906750493694
0,0,0.10501897036341597
0,0,0.08368264758220702
0,0,0.1436383382241735
0,0,0.02032976046367686
0,0,0.06718497787450035
0,0,0.14280587266892988
0,0,0.04304037606415619
0,0,0.14542681739562838
0,0,0.01892862626507556
0,0,0.34023123821837403
0,0,0.015677127031455726
0,0,0.03911098443324612
0,0,0.0608880894042002
0,0,0.027287581018660963
0,0,0.012396974066893078
0,0,0.09079502267635306
0,0,0.03805869890551623
0,0,0.0754110299630142
0,0,0.05051887540812518
1,1,0.9999999999926958
0,0,0.08478313290520016
0,0,0.13015776487267183
0,0,0.1289443654907644
0,0,0.1593158646564789
0,0,0.09240598288521415
0,0,0.08126043056025938
1,1,0.8846334902378391
0,0,0.1170361380325744
0,0,0.03336741965923598
0,0,0.020548502515448427
0,0,0.011896199638572693
1,1,0.9740035103853856
0,0,0.024800795229419897
1,1,0.9999999999999699
0,0,0.015395306341997464
0,0,0.034830241258948076
0,0,0.059530685053659965
0,0,0.05931045860897439
0,0,0.0058396585691936915
0,0,0.04677174080262852
0,1,0.999999062910358
0,0,0.06182663883439056
0,0,0.13874876673729714
0,0,0.08946147237437085
0,1,0.9999998001458537
0,0,0.08731596673699392
0,0,0.07466405847213012
0,0,0.0098672499892218
0,0,0.051490526233537004
1,1,0.9659652705403701
0,0,0.0634788458253906
0,1,0.9642887503180047
0,0,0.0251466058433082
0,0,0.09706912863121737
0,0,0.2137000869497558
0,0,0.14404670885400625
0,0,0.01493507313076455
0,0,0.02792609232047103
0,0,0.12903339441531603
0,0,0.0391889016792415
0,1,0.9866028891695928
0,0,0.029185485167980876
0,0,0.006579950617497534
0,0,0.19310123698268872
0,0,0.10302794202630573
1,1,0.9544222405204423
0,0,0.02105717006054149
1,1,0.9999835154357927
0,0,0.08910307534378085
0,0,0.013584864594447021
0,0,0.059936396868033655
0,0,0.00662205961807888
0,0,0.1736006736618399
0,0,0.050452752588522165
1,1,0.9999881647785405
1,1,0.7661276206338462
0,1,0.7447383851162661
0,0,0.006948021108757074
0,0,0.20310483724318512
0,0,0.09677806479065268
0,0,0.046314592811118084
0,0,0.005494152944648226
1,1,0.9999848779655359
0,0,0.01900926734348172
0,0,0.06292215414406324
0,0,0.07173287912209536
0,1,0.8995419958088381
0,1,0.99999482553289
0,1,0.8792871794451022
0,0,0.08122709792696105
0,0,0.11166837408710963
0,0,0.03488972415189541
0,0,0.09687701107521095
1,0,0.2781143182325423
0,0,0.017641122942384624
0,0,0.048621982787672054
0,0,0.04939158214147517
0,0,0.018959939765745674
0,0,0.02784027805532863
0,0,0.0038673283354616356
0,0,0.07677808076093101
0,0,0.052994629549648245
0,0,0.09019722145164125
0,0,0.03597270105641516
0,0,0.06187681613820543
0,0,0.04197754152854453
0,0,0.040950743119955925
0,0,0.01768793212101472
0,0,0.1375459767242524
0,0,0.09209378193250375
0,0,0.10590641559689437
0,0,0.11920290444232298
0,0,0.08842155139084094
0,0,0.007980384650185418
0,0,0.04823083253835238
0,0,0.07546187050127474
0,0,0.052959567121148306
1,1,0.8158006547940799
0,0,0.1132791905268771
0,0,0.3447389706482724
0,0,0.019346269875555464
0,0,0.03388706539708529
0,1,0.935849578707397
0,0,0.01307073010696276
0,0,0.013544550781527588
0,0,0.029605743354617076
0,0,0.09748045071490972
0,0,0.16571493900873902
1,1,0.9999999999999699
0,0,0.48167812432424545
0,0,0.04700518909771043
0,0,0.2703464404729817
0,0,0.10737558316470226
0,0,0.1587235884607104
0,0,0.03202007213070693
0,0,0.02988914063874872
0,0,0.09546495039539751
0,0,0.11094522390072657
0,1,0.9908888174231572
1,1,0.8136910149246124
0,0,0.09154449533810938
0,1,0.8771608830507727
0,0,0.05743005886396328
0,0,0.08488521550573272
0,0,0.18111920113249294
1,0,0.10968144925737397
0,0,0.0632575711216477
1,1,0.9871507511332567
0,0,0.12512319837156893
0,0,0.048664764378981804
0,0,0.041280898486149395
0,0,0.02668633390791984
0,0,0.020949681540147334
0,0,0.06726045832786653
0,0,0.03609480002582673
0,1,0.9999869970839254
0,0,0.018380980460647102
0,0,0.07333592685067164
0,0,0.08429862553478608
0,1,0.935216057184563
0,0,0.08628835047643474
0,0,0.026565548773558312
0,1,0.9302407312474795
0,0,0.06346534812846098
0,0,0.12843861809280294
0,0,0.07335854065891423
0,0,0.10320903801733457
0,0,0.03365930272369259
0,0,0.18439355950284916
0,0,0.02685658842184241
0,0,0.05821918653926191
1,1,0.9723221817446408
0,0,0.04783789871059188
0,0,0.09797952890102213
0,0,0.0038928614622547623
0,0,0.05743212216414127
0,0,0.07548135459387685
0,0,0.05168070154456766
0,0,0.036970021363362485
0,0,0.022730288608749538
0,0,0.049333653154108675
0,0,0.010773130774982006
0,0,0.0755582549230215
0,0,0.010589741349507617
0,0,0.11361039650965783
0,0,0.027000201701861123
1,1,0.9659647258886198
1,1,0.9917278545917333
0,0,0.027110784092488276
1,1,0.9999944952889628
0,0,0.05406235194662602
0,0,0.03393678924498057
0,0,0.03745835205984254
0,0,0.00982721070652535
1,1,0.9164900279135274
0,0,0.04489118327033156
0,0,0.08243890960009256
0,0,0.10103016711135296
0,0,0.06971727497259679
0,0,0.02464216177766161
0,0,0.11445678663697113
0,0,0.20958522375987484
0,0,0.030664522866265666
0,0,0.10510110351758423
0,0,0.05277439509568474
0,0,0.17971257339576183
0,0,0.06947732771659829
0,0,0.05320351657545241
0,0,0.24812852671109847
1,1,0.9504004142696019
0,0,0.2710508693196046
0,0,0.07488583477951062
0,0,0.03568608705381575
0,0,0.03477216791854221
0,0,0.03961925780365797
0,0,0.01484983529366007
0,0,0.08626244530324745
0,0,0.06629552825067436
0,0,0.014014188983618016
0,0,0.03414768401148788
0,0,0.0894050361426153
0,0,0.05752344031623531
0,0,0.2355726647752318
1,1,0.9999999914149237
0,0,0.03172542508620829
0,0,0.018770795201304348
0,0,0.03827764583864909
0,0,0.06590282134529983
0,0,0.021968099938208144
0,0,0.005544395843043326
0,0,0.01108233349939178
1,1,0.9019543492457633
0,0,0.06701947666760319
0,0,0.01721562859717863
0,0,0.06968161314369127
0,0,0.051471987926438534
0,1,0.7687181031404008
0,0,0.07597074424014146
0,0,0.19916354056443022
0,0,0.059563894144825866
0,0,0.09706276173501638
0,0,0.027929406126713057
0,0,0.05409258204270011
0,0,0.09278847119074206
0,0,0.08663037150636993
0,0,0.03890344752424852
0,0,0.012841512010272622
0,0,0.051579456360945304
0,0,0.06847072710434168
0,0,0.2986743646136773
0,0,0.01631137470646414
1,1,0.9999916010308263
0,0,0.017113018901518378
0,0,0.040096684302951394
0,0,0.1403687697895822
0,0,0.03763084701024793
1,1,0.9999983101815288
0,0,0.02859584256422498
0,0,0.04123400322193334
0,0,0.019115057736870035
0,0,0.0666150869841997
0,0,0.06895854139315938
0,0,0.15077443908613736
0,0,0.04795922984663441
1,1,0.9999951460910053
1,1,0.9912695047287642
0,0,0.061753598468504076
0,0,0.0590898764273692
0,0,0.06392406426685346
1,0,0.39757910933400065
0,0,0.06594213820628324
0,0,0.02182113988272287
0,0,0.07350485383034955
1,1,0.8325196972118072
0,0,0.034129916747778793
0,0,0.012520595528993221
0,0,0.2164225932792979
0,0,0.14008102874995212
0,0,0.45465304088265535
0,0,0.02269518790922203
0,0,0.1091042271383188
0,1,0.9931201275956507
0,0,0.03210080100590622
0,0,0.03521496129509602
0,0,0.06152378622228307
0,0,0.045351522307684376
0,0,0.0317832269178906
0,0,0.04697338052978997
0,0,0.019191480022839526
0,0,0.03697413873413516
0,0,0.08201657837128389
0,0,0.08592084089244459
0,0,0.007393659026781222
0,0,0.07963285698004173
0,0,0.12599381349176922
0,0,0.03738226340602807
0,0,0.0425806838632144
0,0,0.09875235459081103
0,0,0.36877053426374995
0,0,0.03239685951504042
0,0,0.04660014955034591
0,0,0.07564615341039121
0,0,0.00975648476851932
0,0,0.0640386312696824
0,0,0.036283722071332444
0,0,0.04472541033580987
0,0,0.012703978730390501
0,0,0.04449494616985667
0,0,0.053800579566110916
0,1,0.8850147924095351
0,0,0.12446080311894914
0,0,0.03992746791314025
0,0,0.015896824379328607
0,0,0.1095045909926102
0,0,0.1557226969924253
0,0,0.06648108557703979
0,0,0.06537972023513484
0,0,0.024354173589095505
0,0,0.13170409510952583
0,0,0.06894716343564783
0,1,0.9999880251793862
0,0,0.018238983369034928
0,0,0.01678800995443417
0,0,0.036813196824033875
0,0,0.11572376359831184
0,0,0.051231663011386465
0,0,0.08375906713585145
0,0,0.05568564767343276
0,0,0.08313119648603433
0,0,0.16157704217397487
0,0,0.15987482374807382
0,0,0.0879092668174723
0,0,0.03904875605255543
0,0,0.034899853036677385
1,1,0.9426250593461593
0,0,0.009596989823326475
0,0,0.08325891765488672
0,0,0.07260970504902438
0,0,0.03811520964075627
0,0,0.03564788980614004
0,0,0.030889650369122553
0,0,0.022597309483285255
0,0,0.1116536352716495
0,0,0.005896444899450019
0,0,0.023424801343672755
1,1,0.9999999565796925
0,0,0.054283538628306094
1,1,0.9999999999804213
0,0,0.11623096129102216
0,0,0.09915345439842381
0,0,0.04327312967894083
0,0,0.380703253718684
0,0,0.10095378359925304
1,1,0.9999999999998086
0,0,0.04505616628541151
0,0,0.09780975453469057
0,0,0.2344858249587533
1,1,0.968982183754216
0,0,0.10721256617195182
0,0,0.09625889554905517
0,0,0.014715749859352922
0,0,0.040136909348511815
0,0,0.021278564861175468
0,0,0.03227405410106067
0,0,0.031194878908693192
0,0,0.030803083936052217
0,0,0.05405469533850949
0,0,0.0821355684389934
0,0,0.017367841909471434
0,0,0.10281274661122089
0,0,0.014695496390478064
1,1,0.9778877697664808
0,0,0.02528397223221561
0,0,0.05680580588923638
0,0,0.05514863424142756
0,0,0.049083129503415854
0,0,0.03816140288990642
0,0,0.07064519568091591
0,0,0.06026551412590643
0,0,0.038757469344419156
1,1,0.9999996398277607
0,0,0.13057333185086598
0,0,0.0333327415120753
0,0,0.0369946876922507
0,0,0.014696440328039432
0,0,0.06718567779159566
0,0,0.05356926727666404
0,1,0.9941113231357597
0,1,0.529975874914274
0,0,0.14469881396574763
0,0,0.02801089118763726
0,1,0.6778060728310665
0,0,0.07354064083608418
0,0,0.056999513161241855
0,0,0.1424368186860297
0,0,0.06851639893676138
0,0,0.09508637464651915
0,0,0.09336509336083737
1,1,0.9964177198085292
0,0,0.02045460852196591
0,0,0.00213113814889267
0,0,0.08750629624765989
0,1,0.7264173691221736
0,0,0.0298357312875042
0,0,0.050763119977210225
0,0,0.020668541880844424
0,0,0.07187556508061803
0,0,0.05692039007978891
0,0,0.10168163954336955
0,0,0.011889634880092143
0,0,0.03265660011788876
0,0,0.03165239007526577
0,0,0.0740685386952003
0,0,0.0760897645676105
0,0,0.01882219685366316
0,0,0.00522163512547175
0,0,0.04238656051071958
0,0,0.05139941393350888
0,0,0.04078001699513008
0,0,0.01432763698803742
0,0,0.037840493146112264
0,1,0.83128681616284
0,0,0.07349574391065411
0,0,0.26310580753076085
0,0,0.018987680904149935
0,0,0.032671955856271764
1,1,0.9999908059359915
0,0,0.08174757254770311
0,0,0.16925613161219463
1,1,0.8402283252069995
0,0,0.03631375533209185
0,1,0.9553347716598607
0,0,0.11692858307437372
0,0,0.005007617655383375
0,0,0.23862869796647543
1,1,0.9948503726559844
0,0,0.09445386708109976
0,0,0.05586254753353835
0,0,0.1123098544864107
0,0,0.039633137131442786
1,1,0.8954153278197671
0,0,0.08309578262026565
0,0,0.09679979488606978
0,0,0.018215343634997678
0,0,0.12534350173522682
0,0,0.0726689673332242
0,0,0.0031503511661669535
0,0,0.41679122970289995
0,0,0.1857575692767093
0,0,0.04175292318777215
1,1,0.9999999984901184
0,0,0.06139184282075088
0,0,0.09176930390371767
0,0,0.047970558846491096
0,1,0.9823661561738619
0,0,0.02028699363727585
0,0,0.06080840953353894
0,0,0.06408731580730381
0,0,0.04309488728663946
0,0,0.4592006976335948
0,0,0.015278052620512258
0,0,0.037851159394898574
0,0,0.05745384670856718
0,0,0.08342948463650735
0,0,0.05147960389724263
0,0,0.04685917862006524
1,1,0.8705911502458912
0,0,0.07894637370934278
0,0,0.05550741946364363
0,0,0.01861629075773027
0,0,0.01867540700714524
0,1,0.9999950583644006
0,0,0.04971372471338318
0,0,0.10005621764598169
1,1,0.9999973324523058
1,1,0.9073800672431783
0,0,0.04049404562244196
0,0,0.22178917546990823
0,0,0.1807813516243489
0,0,0.05349566866378835
0,0,0.06219372626090174
0,0,0.08316612241614348
0,0,0.11696109681633879
0,0,0.048665657234065324
0,0,0.062714656837147
0,0,0.06703685078922769
0,0,0.04937354441140258
0,0,0.1250151314253998
0,0,0.01731057221636935
0,0,0.1073910339557168
0,0,0.266262212422514
0,0,0.06112679493255891
1,1,0.9926723909313837
0,0,0.16796475175568756
0,0,0.18482294600214788
0,0,0.06853422452050144
0,0,0.0615723125937817
0,0,0.060278103834321875
0,0,0.14548083810399315
0,0,0.04368778963471778
1,1,0.9969084100311686
0,0,0.05723727339026729
0,0,0.017748745994479943
0,0,0.07572755842590047
0,0,0.18957752476785286
1,1,0.8089289497224391
0,0,0.028288273427984078
0,0,0.01618117192543217
0,0,0.09370789115332945
0,0,0.0610297934268967
0,0,0.1840602883006377
0,0,0.03499475011366589
0,0,0.050301391898014115
0,0,0.04541759592859701
0,0,0.04787262203579874
0,1,0.8559468591198027
0,0,0.06166202886754889
0,0,0.05009366217068992
1,1,0.9219965318172738
0,0,0.028566411585667077
0,0,0.12125360050363046
0,0,0.05344413248021826
0,0,0.0888233476463553
0,0,0.01623004681272151
0,0,0.03767969045315981
0,0,0.05159562696614021
1,1,0.9125558905439902
0,0,0.08250943882568293
0,0,0.07138642260063675
0,0,0.012677633450100355
0,0,0.15823728255635117
0,0,0.0726488035746335
0,0,0.13147650871749084
0,0,0.08572773917690649
0,0,0.0523619391960701
0,0,0.09809269318123814
1,1,0.9350718074531483
0,0,0.03868919335573764
0,0,0.023317511047525528
0,0,0.04507671388425753
0,0,0.06092888283987072
0,1,0.982032661770456
0,1,0.6767336426670794
0,0,0.05951825050322041
0,0,0.3515410653115687
0,0,0.007024533117568643
0,0,0.02015410931880622
0,0,0.1475484056651757
0,0,0.017265346025617637
0,0,0.11313089295013679
0,0,0.08875122732869284
0,0,0.013293536526220088
0,1,0.7206949144711476
0,0,0.06248098471784357
0,0,0.01829743934787709
0,0,0.036005100185944876
0,0,0.04347697248777797
0,0,0.16499274203044878
0,0,0.02848632411348822
0,0,0.08062611888478446
0,0,0.24666465582432487
0,0,0.0072424259348042655
0,0,0.023300521264591364
0,0,0.02059280219937254
0,0,0.04001541259112347
0,0,0.04197025930057894
0,0,0.12221046853114487
0,0,0.03957810314951289
0,0,0.18431192692309353
0,0,0.42836991469713714
0,0,0.031594944585556624
1,1,0.8844987951958404
0,0,0.009916465751848699
0,0,0.14232097562852095
0,0,0.1075079206789043
0,0,0.16841351135328056
1,0,0.14061389951646686
0,0,0.010758303031475801
0,0,0.019793083683093734
1,1,0.9999999947434228
1,1,0.8179409675492151
0,0,0.07816170082013889
0,0,0.01138026300682954
0,0,0.03827186640876714
0,0,0.10924579762782473
0,0,0.023762091633931066
0,0,0.020831453293047066
0,0,0.08580982351441056
0,0,0.033835288822673434
0,0,0.01946385990439481
0,0,0.019863430092791328
1,1,0.9827350002368102
0,0,0.041309587180993534
0,0,0.01719250935792279
0,0,0.05631655097914848
1,1,0.9999999999682453
0,0,0.026585753051958507
0,0,0.020207170931572718
0,0,0.07385374058380387
0,0,0.021176769819539042
0,0,0.021395732363376305
0,0,0.00841734618337226
0,0,0.03698986070970936
0,0,0.106610626847563
0,0,0.03278818301049131
0,0,0.046963811846016196
1,1,0.9999999999999699
0,0,0.00776761741239896
0,0,0.02228898214149558
0,0,0.06784795361732873
0,0,0.08540493778610075
0,0,0.05527725440611329
0,0,0.06343215247772582
0,0,0.016637306855873557
0,0,0.07504304053520901
0,0,0.06987466484152705
0,0,0.027563067875392595
0,0,0.022432249140384313
0,0,0.1075171043298276
0,0,0.08341166012349621
0,0,0.04768140194650063
0,0,0.07303123685002419
0,0,0.054658964920189075
0,0,0.010573935614055294
0,0,0.07703668884125461
0,0,0.015745827726630638
0,0,0.08468827146624425
0,0,0.013639519893622347
0,0,0.006303444456811937
0,0,0.07742555127295277
0,0,0.0065582705468517615
0,0,0.17259461152725675
0,0,0.013859558295850165
1,1,0.8479579500890451
0,0,0.03740606732930569
0,0,0.05349437558667255
0,0,0.08479393590167425
0,0,0.13005242195455738
0,0,0.11524880402771166
0,0,0.005361161783856663
0,0,0.22688693724188624
0,0,0.04474209780145282
0,0,0.12624555965443032
0,0,0.02808963484745979
0,0,0.06838874449636756
0,0,0.02041538805085743
0,0,0.007529324558809112
0,0,0.23217492691622987
0,0,0.03177974608061157
0,0,0.01942771099704431
0,0,0.05924618064514965
0,0,0.045962605514027165
0,0,0.42544865670235665
0,0,0.048733673156616274
1,1,0.9624692727377262
0,0,0.007119429593444123
0,0,0.044751858332416704
0,0,0.03332882435125039
0,0,0.004732921385351941
1,1,0.9902249958379513
0,0,0.04568726231652164
0,0,0.27227337270823676
0,0,0.10532065798533308
0,0,0.1391760739648071
0,0,0.052955792503118986
0,0,0.02634903327914532
0,0,0.05412798760997314
1,1,0.9999847466536801
0,0,0.06894607415632761
0,0,0.17922197448533853
0,0,0.028651513808879744
1,1,0.999999876556618
0,0,0.08395928065903756
0,0,0.014958043768273291
0,0,0.019703408415401174
0,0,0.0925711164265583
1,1,0.9999999691985136
0,0,0.05013437077610631
0,0,0.0645075849746757
0,0,0.05248423409403681
0,0,0.02563210122644976
0,0,0.006799196225815132
0,0,0.012169080617278852
0,0,0.21724010383498907
0,0,0.020146911789886826
0,0,0.04151037608077109
0,0,0.11663693152930762
0,0,0.06124378085790555
0,0,0.014241452910115738
0,0,0.4207810035835538
0,0,0.06602806691790954
0,0,0.04488589538578334
0,1,0.8581686818407116
0,0,0.033050974198950506
0,0,0.03365537570724371
0,0,0.06206023323537698
1,0,0.4434689058488308
0,0,0.15363868181156565
0,0,0.058898205196209405
0,0,0.013540072875177238
0,0,0.05775609908471205
0,0,0.020193355078877644
0,0,0.00850448522957339
0,0,0.044192597553489435
0,0,0.07294004383349084
0,0,0.014990331827317042
0,0,0.05551051720540744
0,0,0.10069286550020813
0,0,0.02850898796392092
0,0,0.010982539446354038
0,0,0.0834167915389376
0,1,0.7797523644526048
0,0,0.011266700586813868
0,0,0.004907476832557573
0,0,0.07978688374157093
0,0,0.01838574320568096
0,0,0.041369719521876146
0,0,0.16492932898716167
0,0,0.03648688126666085
0,0,0.22821700736781408
0,0,0.07072302825664431
0,0,0.06259404068673122
0,1,0.8876495689327079
1,1,0.6925022706110718
0,1,0.9999809869054603
0,0,0.13424746302171148
0,0,0.04356334371256705
0,0,0.19458087744790298
0,0,0.2146508137327992
0,0,0.03659663858469059
0,0,0.11436765509327286
0,0,0.05598212184809938
0,0,0.2110199272145472
0,0,0.1270623245365436
0,0,0.096557386579412
0,0,0.14389795570723513
0,0,0.009413704998124035
0,0,0.08568846858237268
0,0,0.015047353284955402
0,0,0.05380493252649268
0,0,0.11019285849150162
0,0,0.018274509047346874
0,0,0.3020367331256643
0,1,0.5339437264859431
0,0,0.011693852181000752
0,0,0.03466175622070146
0,0,0.019063647820815106
0,0,0.00939560829199888
0,0,0.042646394246197525
0,0,0.032547750159923595
0,0,0.02894352943705243
0,0,0.0827506361049552
0,0,0.05494955904810245
0,0,0.11798221896532711
0,0,0.03301949471061868
0,0,0.08791151204440412
0,0,0.010515996003728262
0,0,0.028680951018272643
0,0,0.05944976791957403
0,0,0.042582665832776714
0,0,0.01235631464178252
0,0,0.00892925148534604
0,0,0.18420132983736426
0,0,0.011592019561624017
1,1,0.9689510855725988
0,0,0.06634233735743403
1,1,0.999984321221858
0,0,0.06161767095437091
0,0,0.17036769121184378
0,0,0.08314111281816527
1,1,0.9999987341338271
0,0,0.06158199179776412
0,1,0.9880225665807
0,0,0.04293477032013127
0,0,0.0470407560273491
0,0,0.040620606998995695
0,0,0.0586124337379836
0,0,0.15700181890937293
0,0,0.01956430030197337
0,0,0.0738809161476049
1,0,0.12584793028808203
0,0,0.11172480468856298
0,0,0.0185596516874243
0,0,0.039034391948277083
0,0,0.03227616524072557
0,0,0.05702271193008493
0,0,0.10347053196714388
1,1,0.9999999999995568
0,0,0.059498525149492915
0,0,0.004807860930566412
0,0,0.00491124395691382
0,0,0.03675430827028578
1,1,0.9928231439118708
0,0,0.0008570994527666146
0,1,0.9955231184538229
0,0,0.12793288563309116
0,0,0.07877773858204833
0,0,0.03822027750613152
0,0,0.07049074890729258
0,0,0.33367894464108394
0,0,0.3235786946704994
0,0,0.017441357621359066
0,0,0.09218619166522612
0,0,0.02691411954550995
0,0,0.009099359006933769
0,0,0.028010984142480343
1,0,0.2713636014817804
1,1,0.9999995066095142
1,1,0.9557038252133006
0,0,0.01207266827921581
0,0,0.13968257258539035
0,0,0.015808456549342032
0,0,0.046612742475924174
0,0,0.02300915866967179
0,0,0.0816160772844834
0,0,0.047470862650797044
0,0,0.09868900321833678
0,0,0.05299912310141546
0,1,0.9999998948456659
0,0,0.03850898973493441
0,0,0.01769300700221836
0,0,0.09319670049628576
0,0,0.06285307586980576
0,0,0.0410409540224954
0,1,0.9080395618781552
0,0,0.06417023976198794
0,0,0.10027017329684444
0,0,0.07438476011068486
1,1,0.6803188392572178
0,0,0.08167321498054717
0,0,0.01971991574814254
0,0,0.06625136520676018
0,0,0.14777045957763094
0,0,0.08396950627508791
0,0,0.0586326491849804
1,1,0.9789639632514615
0,0,0.03664373337081321
0,0,0.07653065772814056
1,1,0.9744124634460861
0,0,0.0285575209865512
0,0,0.0884300023883903
0,0,0.08593630780084602
1,1,0.9940485618704532
0,0,0.03503500683644685
0,0,0.028579380138983673
0,0,0.10399418948034489
0,0,0.06093750035034447
0,0,0.445401688507588
0,0,0.0702661191559468
0,0,0.0585713955528816
0,0,0.2578661501514798
0,1,0.996842521062229
0,0,0.1148521258759892
0,0,0.026325380239141827
0,0,0.03276771376568818
0,0,0.08744865011479787
0,0,0.26521627226321637
0,0,0.16794855015639118
0,0,0.027972445651448477
0,0,0.17007466408873687
1,1,0.947261838668957
0,0,0.02852537831186364
0,0,0.04474650983387682
0,0,0.12842289152216857
1,1,0.6391516096591756
0,0,0.062117403711600155
0,0,0.03535807398049065
0,1,0.9788826262779591
0,0,0.15975705431140824
0,0,0.011855546369636025
0,0,0.15754831907227507
0,0,0.05529977004718193
0,0,0.024164557974547977
0,0,0.12733749396568644
0,0,0.03159059816461777
0,1,0.839479505623722
0,0,0.03523936393517174
0,0,0.031632215762663556
0,0,0.0580824320336321
0,0,0.0979287969782019
0,1,0.9862782543277571
0,0,0.0337374367431715
0,0,0.07743814023043065
0,0,0.06041237903600059
0,0,0.013611631571352327
0,1,0.9175221859143778
0,0,0.25489796557568345
0,0,0.04621939318320369
0,0,0.04154027746395159
0,0,0.006475435179655777
0,0,0.05709109448522972
0,0,0.021504287805818607
0,0,0.05728166872044732
0,0,0.010235014023070506
0,0,0.0001469629965536026
0,0,0.011618976808238746
0,0,0.11017936561544939
0,0,0.12493634094407761
0,0,0.07932656797905441
0,0,0.15556762169831742
0,0,0.04103595119597884
0,0,0.028500017378820745
0,0,0.21114814885278108
0,0,0.06380447136745553
1,1,0.9927339667091042
0,0,0.027480862848052054
0,0,0.028122815789578096
0,0,0.026047279095496787
0,0,0.04740506463634907
0,0,0.14829195538297063
0,0,0.02654835984495388
0,0,0.030203318615041982
0,1,0.9950987649963685
0,0,0.034962375533329024
0,0,0.044749262902271734
0,0,0.06309205235482987
0,0,0.10067719678779177
0,0,0.06040849302848899
0,0,0.02369285171191427
0,0,0.039919428634496545
0,0,0.19332580619376405
0,0,0.05631624840992579
0,0,0.0114144514633404
0,0,0.00581411330992161
0,0,0.18133659717292558
1,1,0.836283019629717
0,0,0.005928648226791774
1,1,0.9999999999979067
0,0,0.009802702561510097
1,1,0.85709331297038
0,1,0.8634957712354575
0,0,0.020611795478702236
0,0,0.061624911367268886
0,0,0.07443755963371866
1,1,0.8817589959821757
0,0,0.027501870416112358
0,0,0.0405943176257657
0,0,0.022847899301490483
0,0,0.19885907897517674
0,0,0.009492660774526488
0,0,0.008671574281257463
0,0,0.18254260789013663
0,0,0.009685328315752518
1,0,0.3872366698262614
0,0,0.019608300682027166
0,0,0.29371790894150485
1,1,0.9612961475786829
0,0,0.09011140105781229
0,0,0.06240823559588013
0,0,0.029802162579547438
1,1,0.9728289441381568
0,0,0.1712320796838941
0,0,0.00800205420888723
0,0,0.13384546140613818
0,0,0.0477693055742421
0,0,0.24998141298309684
0,0,0.05069885557724005
0,0,0.048418456666529226
1,1,0.999999591353816
0,0,0.033955484646226344
0,0,0.04925060380072856
0,0,0.05324737574978179
0,0,0.062069911872384684
0,1,0.9961446643825498
0,0,0.09131960241889397
0,1,0.8971036347613
1,1,0.6728835710186203
0,0,0.030308150315865427
0,0,0.06185287640616557
0,0,0.038488542707755334
0,0,0.060279450335530345
1,1,0.8655207377502103
0,0,0.06910543721987165
1,1,0.9706667859169453
0,0,0.03550510060661983
0,0,0.07141447927172533
0,0,0.07889337451557886
0,0,0.012452797673855346
0,0,0.06527806340067929
0,0,0.01756613947632039
0,0,0.11877806587720692
0,0,0.09146241903223738
0,0,0.006770068848924304
0,0,0.030925857578782256
0,0,0.05806245111798227
0,0,0.23258192041392176
0,0,0.08831767800212144
0,0,0.045156331924577374
0,0,0.06016228797784557
0,0,0.03289853131559647
1,1,0.9349727750250836
0,0,0.012242468869127571
0,1,0.9999936905453651
0,0,0.03179950310693526
0,0,0.044418717995582106
0,0,0.0189598043202819
0,0,0.07739531970775106
0,0,0.07482279747533628
0,0,0.02023659360970078
0,0,0.03791236072666354
1,1,0.9999967648133063
0,1,0.8804796574519805
0,0,0.030549808359251664
0,0,0.06319772238280255
0,0,0.1508827094568498
0,0,0.17237391642622324
0,0,0.023466885459812573
0,0,0.25614168292668305
1,1,0.99999106111668
0,0,0.012265593980096344
1,1,0.9999999982322331
0,0,0.20039015079745753
0,0,0.12035275691371507
0,0,0.033341018917847416
0,0,0.16133023606692834
0,0,0.14899838091324927
0,0,0.04866581420519516
0,0,0.03494783491605667
0,0,0.04043981034186509
0,0,0.030250314869406353
0,0,0.05185550880163598
0,0,0.1293175652361108
0,0,0.07173633935107536
0,0,0.07049544649330382
0,0,0.16249709479293456
0,0,0.0076013228044386535
1,1,0.9961079616502693
0,0,0.0611983781171898
0,0,0.07110884593059977
0,0,0.061588231311319845
0,0,0.16174762458200193
0,0,0.10086617504652876
0,0,0.17765434911848002
0,0,0.06189062959378466
0,0,0.24434366618948788
0,0,0.030629616804887305
0,0,0.07984725159381403
0,0,0.2899003775158915
0,0,0.1710586284638415
0,0,0.02017231659356715
0,0,0.01743218173349815
0,0,0.01443296846532528
0,0,0.09940827259392955
0,0,0.017194056624303608
0,0,0.09231086124812098
0,0,0.03139163577475564
0,0,0.049071796414902086
0,0,0.04938545297391456
0,0,0.014635226065222889
0,0,0.05096958912934422
0,0,0.03333365140167849
0,0,0.06624853301964193
0,0,0.08498778463304608
0,0,0.036825748311440684
1,1,0.7100145572687347
0,0,0.1494767733631284
0,1,0.8545992567439927
1,1,0.9883843483186006
0,0,0.08500016607459522
0,0,0.021964041171738457
0,0,0.017196464002695828
0,0,0.10635128955341788
1,1,0.9999891347870861
0,0,0.0696182552026599
0,0,0.03947336483332938
1,1,0.9219584062679979
0,0,0.05361929195482463
